date,code,open,high,low,close,volume,turn,peTTM,psTTM,pcfNcfTTM,pbMRQ,roeAvg
2024-01-02,sh.600028,5.07492072,5.1385846,5.05673104,5.11130008,146220062.0,0.154,10.81442,0.201135,358.685986,0.83949,
2024-01-03,sh.600028,5.08401556,5.19315364,5.08401556,5.19315364,128603866.0,0.1354,10.987605,0.204356,364.430068,0.852934,
2024-01-04,sh.600028,5.19315364,5.25681752,5.12948976,5.17496396,151461064.0,0.1595,10.94912,0.20364,363.153605,0.849947,
2024-01-05,sh.600028,5.15677428,5.20224848,5.08401556,5.11130008,154780280.0,0.163,10.81442,0.201135,358.685986,0.83949,
2024-01-08,sh.600028,5.11130008,5.14767944,5.0476362,5.06582588,123704606.0,0.1303,10.718207,0.199346,355.49483,0.832022,
2024-01-09,sh.600028,5.03854136,5.0931104,5.002162,5.07492072,121991979.0,0.1285,10.737449,0.199704,356.133061,0.833515,
2024-01-10,sh.600028,5.06582588,5.10220524,4.99306716,5.002162,106462356.0,0.1121,10.583507,0.19684,351.027211,0.821565,
2024-01-11,sh.600028,4.98397232,4.99306716,4.8657394,4.87483424,161946300.0,0.1705,10.314109,0.19183,342.091973,0.800653,
2024-01-12,sh.600028,4.8657394,4.9112136,4.84754972,4.88392908,103607151.0,0.1091,10.333352,0.192188,342.730204,0.802147,
2024-01-15,sh.600028,4.87483424,4.93849812,4.84754972,4.92940328,100975920.0,0.1063,10.429566,0.193977,345.92136,0.809615,
2024-01-16,sh.600028,4.92940328,4.96578264,4.89302392,4.93849812,99165213.0,0.1044,10.448808,0.194335,346.559592,0.811109,
2024-01-17,sh.600028,4.92940328,4.9566878,4.87483424,4.87483424,111009958.0,0.1169,10.314109,0.19183,342.091973,0.800653,
2024-01-18,sh.600028,4.89302392,4.89302392,4.6838426,4.82936004,253885367.0,0.2673,10.217895,0.19004,338.900816,0.793184,
2024-01-19,sh.600028,4.81117036,4.89302392,4.76569616,4.8657394,168814689.0,0.1778,10.294866,0.191472,341.453741,0.799159,
2024-01-22,sh.600028,4.85664456,4.90211876,4.774791,4.81117036,182016422.0,0.1917,10.17941,0.189325,337.624354,0.790197,
2024-01-23,sh.600028,4.81117036,4.82936004,4.70203228,4.80207552,155539928.0,0.1638,10.160167,0.188967,336.986122,0.788703,
2024-01-24,sh.600028,4.80207552,4.96578264,4.80207552,4.96578264,172565893.0,0.1817,10.506537,0.195409,348.474286,0.81559,
2024-01-25,sh.600028,5.002162,5.35686076,4.98397232,5.35686076,293126073.0,0.3086,11.333974,0.210798,375.918231,0.879822,
2024-01-26,sh.600028,5.33867108,5.33867108,5.17496396,5.29319688,273291993.0,0.2878,11.199275,0.208293,371.450612,0.869366,
2024-01-29,sh.600028,5.26591236,5.56604208,5.24772268,5.39324012,301866280.0,0.3178,11.410945,0.21223,378.471156,0.885797,
2024-01-30,sh.600028,5.35686076,5.49328336,5.34776592,5.39324012,213898889.0,0.2252,11.410945,0.21223,378.471156,0.885797,
2024-01-31,sh.600028,5.3659556,5.48418852,5.34776592,5.42052464,179230296.0,0.1887,11.468674,0.213303,380.38585,0.890278,
2024-02-01,sh.600028,5.37505044,5.4114298,5.30229172,5.3204814,194321081.0,0.2046,11.257003,0.209367,373.365306,0.873847,
2024-02-02,sh.600028,5.3204814,5.44780916,5.30229172,5.35686076,226500348.0,0.2385,11.333974,0.210798,375.918231,0.879822,
2024-02-05,sh.600028,5.3659556,5.5023782,5.3659556,5.47509368,256760026.0,0.2704,11.58413,0.215451,384.215238,0.899241,
2024-02-06,sh.600028,5.46599884,5.53875756,5.37505044,5.42961948,236109093.0,0.2486,11.487916,0.213661,381.024081,0.891772,
2024-02-07,sh.600028,5.42961948,5.5023782,5.32957624,5.47509368,244496896.0,0.2574,11.58413,0.215451,384.215238,0.899241,
2024-02-08,sh.600028,5.456904,5.5023782,5.38414528,5.44780916,180767621.0,0.1903,11.526402,0.214377,382.300544,0.894759,
2024-02-19,sh.600028,5.46599884,5.74793888,5.44780916,5.71155952,245952100.0,0.259,12.084441,0.224756,400.809252,0.938078,
2024-02-20,sh.600028,5.71155952,5.76612856,5.66608532,5.684275,140167551.0,0.1476,12.026713,0.223682,398.894558,0.933597,
2024-02-21,sh.600028,5.684275,5.8206976,5.64789564,5.684275,216201582.0,0.2276,12.026713,0.223682,398.894558,0.933597,
2024-02-22,sh.600028,5.67518016,5.8661718,5.66608532,5.83888728,185465300.0,0.1953,12.35384,0.229766,409.74449,0.958991,
2024-02-23,sh.600028,5.83888728,5.88436148,5.75703372,5.79341308,188353609.0,0.1983,12.257626,0.227977,406.553333,0.951522,
2024-02-26,sh.600028,5.7752234,5.84798212,5.67518016,5.69336984,133362837.0,0.1404,12.045956,0.22404,399.532789,0.935091,
2024-02-27,sh.600028,5.684275,5.74793888,5.64789564,5.684275,123183416.0,0.1297,12.026713,0.223682,398.894558,0.933597,
2024-02-28,sh.600028,5.67518016,5.71155952,5.57513692,5.62970596,152687861.0,0.1608,11.911257,0.221535,395.06517,0.924635,
2024-02-29,sh.600028,5.62061112,5.684275,5.60242144,5.684275,108442260.0,0.1142,12.026713,0.223682,398.894558,0.933597,
2024-03-01,sh.600028,5.65699048,5.684275,5.60242144,5.6388008,110080455.0,0.1159,11.930499,0.221893,395.703401,0.926128,
2024-03-04,sh.600028,5.6388008,5.80250792,5.62970596,5.76612856,181260145.0,0.1909,12.199898,0.226903,404.638639,0.947041,
2024-03-05,sh.600028,5.73884404,5.83888728,5.71155952,5.81160276,143240239.0,0.1508,12.296111,0.228693,407.829796,0.95451,
2024-03-06,sh.600028,5.81160276,5.87526664,5.76612856,5.80250792,113072246.0,0.1191,12.276869,0.228335,407.191564,0.953016,
2024-03-07,sh.600028,5.80250792,5.90255116,5.78431824,5.84798212,119908108.0,0.1263,12.373082,0.230124,410.382721,0.960485,
2024-03-08,sh.600028,5.82979244,5.88436148,5.76612856,5.87526664,114059185.0,0.1201,12.430811,0.231198,412.297415,0.964966,
2024-03-11,sh.600028,5.84798212,5.84798212,5.71155952,5.78431824,157915651.0,0.1663,12.238383,0.227619,405.915102,0.950028,
2024-03-12,sh.600028,5.76612856,5.76612856,5.56604208,5.57513692,196148420.0,0.2065,11.7958,0.219388,391.235782,0.915672,
2024-03-13,sh.600028,5.55694724,5.61151628,5.51147304,5.5933266,116291132.0,0.1224,11.834286,0.220103,392.512245,0.918659,
2024-03-14,sh.600028,5.61151628,5.69336984,5.57513692,5.65699048,124530510.0,0.1311,11.968985,0.222609,396.979864,0.929116,
2024-03-15,sh.600028,5.66608532,5.71155952,5.58423176,5.6388008,99667767.0,0.1049,11.930499,0.221893,395.703401,0.926128,
2024-03-18,sh.600028,5.64789564,5.67518016,5.60242144,5.6388008,95081426.0,0.1001,11.930499,0.221893,395.703401,0.926128,
2024-03-19,sh.600028,5.64789564,5.69336984,5.57513692,5.5933266,127927492.0,0.1347,11.834286,0.220103,392.512245,0.918659,
2024-03-20,sh.600028,5.5933266,5.71155952,5.53875756,5.67518016,115494796.0,0.1216,12.247967,0.227797,406.232976,0.950772,
2024-03-21,sh.600028,5.67518016,5.7297492,5.6388008,5.684275,70921784.0,0.0747,12.267595,0.228162,406.88399,0.952296,
2024-03-22,sh.600028,5.66608532,5.69336984,5.57513692,5.6388008,98100369.0,0.1033,12.169455,0.226337,403.628918,0.944678,
2024-03-25,sh.600028,5.61151628,5.7297492,5.60242144,5.66608532,153008328.0,0.1611,12.543841,0.236111,26.780067,0.941231,
2024-03-26,sh.600028,5.66608532,5.70246468,5.60242144,5.6388008,122214697.0,0.1287,12.483437,0.234974,26.65111,0.936699,
2024-03-27,sh.600028,5.62061112,5.69336984,5.61151628,5.65699048,91630118.0,0.0965,12.523707,0.235732,26.737081,0.93972,
2024-03-28,sh.600028,5.6388008,5.67518016,5.5933266,5.65699048,103583908.0,0.1091,12.523707,0.235732,26.737081,0.93972,
2024-03-29,sh.600028,5.64789564,5.85707696,5.64789564,5.81160276,187779647.0,0.1977,12.865994,0.242175,27.467837,0.965404,
2024-04-01,sh.600028,5.81160276,5.8206976,5.72065436,5.78431824,126560818.0,0.1333,12.805591,0.241038,27.33888,0.960871,
2024-04-02,sh.600028,5.7752234,5.93893052,5.76612856,5.88436148,167728834.0,0.1766,13.027071,0.245206,27.811723,0.97749,
2024-04-03,sh.600028,5.89345632,5.9571202,5.84798212,5.911646,150004520.0,0.1579,13.087475,0.246343,27.94068,0.982023,
2024-04-08,sh.600028,5.8661718,6.02078408,5.81160276,5.92074084,168926652.0,0.1779,13.107609,0.246722,27.983665,0.983533,
2024-04-09,sh.600028,5.9571202,5.96621504,5.7297492,5.75703372,172979248.0,0.1821,12.745187,0.239901,27.209923,0.956339,
2024-04-10,sh.600028,5.75703372,5.84798212,5.73884404,5.78431824,115077241.0,0.1212,12.805591,0.241038,27.33888,0.960871,
2024-04-11,sh.600028,5.78431824,5.85707696,5.74793888,5.80250792,102343404.0,0.1078,12.84586,0.241796,27.424852,0.963893,
2024-04-12,sh.600028,5.79341308,5.83888728,5.7752234,5.80250792,107597484.0,0.1133,12.84586,0.241796,27.424852,0.963893,
2024-04-15,sh.600028,5.81160276,6.06625828,5.79341308,6.0480686,218444368.0,0.23,13.389493,0.252028,28.585464,1.004685,
2024-04-16,sh.600028,6.01168924,6.16630152,5.96621504,6.07535312,223385537.0,0.2352,13.449897,0.253165,28.714421,1.009217,
2024-04-17,sh.600028,6.03897376,6.0480686,5.89345632,6.03897376,191095242.0,0.2012,13.369359,0.251649,28.542479,1.003174,
2024-04-18,sh.600028,5.96621504,6.03897376,5.911646,5.94802536,165702864.0,0.1745,13.168013,0.247859,28.112622,0.988066,
2024-04-19,sh.600028,5.93893052,6.15720668,5.93893052,6.06625828,248266416.0,0.2614,13.429763,0.252786,28.671436,1.007706,
2024-04-22,sh.600028,6.02987892,6.15720668,5.89345632,5.911646,220317188.0,0.232,13.087475,0.246343,27.94068,0.982023,
2024-04-23,sh.600028,5.911646,5.93893052,5.7752234,5.83888728,145852435.0,0.1536,12.926398,0.243311,27.596794,0.969936,
2024-04-24,sh.600028,5.89345632,5.92983568,5.83888728,5.90255116,96056757.0,0.1011,13.06734,0.245964,27.897694,0.980512,
2024-04-25,sh.600028,5.90255116,5.9571202,5.8661718,5.94802536,78423411.0,0.0826,13.168013,0.247859,28.112622,0.988066,
2024-04-26,sh.600028,5.9571202,6.03897376,5.92983568,5.94802536,143969322.0,0.1516,13.168013,0.247859,28.112622,0.988066,
2024-04-29,sh.600028,5.911646,5.92074084,5.67518016,5.69336984,320187600.0,0.3371,12.987891,0.237348,84.404747,0.913587,0.022337
2024-04-30,sh.600028,5.69336984,5.83888728,5.67518016,5.7752234,208023985.0,0.219,13.174618,0.240761,85.618234,0.926722,0.022337
2024-05-06,sh.600028,5.76612856,5.7752234,5.65699048,5.74793888,178607931.0,0.1881,13.112375,0.239623,85.213738,0.922343,0.022337
2024-05-07,sh.600028,5.73884404,5.80250792,5.72065436,5.79341308,123966317.0,0.1305,13.216112,0.241519,85.887897,0.92964,0.022337
2024-05-08,sh.600028,5.78431824,5.89345632,5.76612856,5.83888728,126175777.0,0.1329,13.31985,0.243415,86.562057,0.936937,0.022337
2024-05-09,sh.600028,5.85707696,5.88436148,5.80250792,5.81160276,121513339.0,0.1279,13.257607,0.242277,86.157561,0.932559,0.022337
2024-05-10,sh.600028,5.8206976,5.85707696,5.80250792,5.8206976,125549135.0,0.1322,13.278355,0.242657,86.292393,0.934019,0.022337
2024-05-13,sh.600028,5.8206976,5.85707696,5.7752234,5.81160276,111637147.0,0.1175,13.257607,0.242277,86.157561,0.932559,0.022337
2024-05-14,sh.600028,5.81160276,5.82979244,5.76612856,5.79341308,87501820.0,0.0921,13.216112,0.241519,85.887897,0.92964,0.022337
2024-05-15,sh.600028,5.78431824,5.80250792,5.74793888,5.75703372,60248752.0,0.0634,13.133123,0.240002,85.34857,0.923803,0.022337
2024-05-16,sh.600028,5.76612856,5.78431824,5.684275,5.7297492,107295515.0,0.113,13.07088,0.238865,84.944074,0.919425,0.022337
2024-05-17,sh.600028,5.7297492,5.76612856,5.69336984,5.76612856,94375316.0,0.0994,13.15387,0.240382,85.483402,0.925262,0.022337
2024-05-20,sh.600028,5.75703372,5.8661718,5.73884404,5.82979244,144269592.0,0.1519,13.299102,0.243036,86.427225,0.935478,0.022337
2024-05-21,sh.600028,5.80250792,5.81160276,5.76612856,5.78431824,91106074.0,0.0959,13.195365,0.24114,85.753065,0.928181,0.022337
2024-05-22,sh.600028,5.78431824,5.83888728,5.76612856,5.82979244,108708406.0,0.1145,13.299102,0.243036,86.427225,0.935478,0.022337
2024-05-23,sh.600028,5.8206976,5.82979244,5.74793888,5.79341308,101902275.0,0.1073,13.216112,0.241519,85.887897,0.92964,0.022337
2024-05-24,sh.600028,5.78431824,5.88436148,5.74793888,5.83888728,145619152.0,0.1533,13.31985,0.243415,86.562057,0.936937,0.022337
2024-05-27,sh.600028,5.83888728,5.97530988,5.83888728,5.92074084,128633631.0,0.1354,13.506576,0.246827,87.775543,0.950072,0.022337
2024-05-28,sh.600028,5.92983568,6.05716344,5.92074084,5.99349956,124042057.0,0.1306,13.672556,0.24986,88.854198,0.961747,0.022337
2024-05-29,sh.600028,5.98440472,6.05716344,5.9571202,6.02078408,97736181.0,0.1029,13.734798,0.250998,89.258694,0.966125,0.022337
2024-05-30,sh.600028,6.0025944,6.05716344,5.92983568,5.94802536,102479248.0,0.1079,13.568819,0.247965,88.180039,0.95445,0.022337
2024-05-31,sh.600028,5.9571202,5.97530988,5.8661718,5.8661718,104996212.0,0.1106,13.382092,0.244552,86.966552,0.941316,0.022337
2024-06-03,sh.600028,5.8206976,5.90255116,5.78431824,5.8206976,117452580.0,0.1237,13.278355,0.242657,86.292393,0.934019,0.022337
2024-06-04,sh.600028,5.78431824,5.8206976,5.73884404,5.75703372,124804302.0,0.1314,13.133123,0.240002,85.34857,0.923803,0.022337
2024-06-05,sh.600028,5.76612856,5.79341308,5.684275,5.69336984,117314628.0,0.1235,12.987891,0.237348,84.404747,0.913587,0.022337
2024-06-06,sh.600028,5.71155952,5.80250792,5.69336984,5.75703372,149617717.0,0.1575,13.133123,0.240002,85.34857,0.923803,0.022337
2024-06-07,sh.600028,5.7752234,5.79341308,5.69336984,5.72065436,122702198.0,0.1292,13.050133,0.238486,84.809242,0.917965,0.022337
2024-06-11,sh.600028,5.73884404,5.7752234,5.60242144,5.62061112,191192253.0,0.2013,12.821911,0.234315,83.326092,0.901912,0.022337
2024-06-12,sh.600028,5.62061112,5.67518016,5.57513692,5.65699048,140089059.0,0.1475,12.904901,0.235832,83.865419,0.907749,0.022337
2024-06-13,sh.600028,5.66608532,5.67518016,5.56604208,5.58423176,153359522.0,0.1615,12.738921,0.232799,82.786764,0.896074,0.022337
2024-06-14,sh.600028,5.57513692,5.60242144,5.52966272,5.5933266,287543436.0,0.3028,12.759669,0.233178,82.921596,0.897533,0.022337
2024-06-17,sh.600028,5.5478524,5.55694724,5.43871432,5.44780916,235239552.0,0.2477,12.42771,0.227111,80.764286,0.874183,0.022337
2024-06-18,sh.600028,5.46599884,5.49328336,5.39324012,5.47509368,127710691.0,0.1345,12.489952,0.228249,81.168782,0.878561,0.022337
2024-06-19,sh.600028,5.48418852,5.57513692,5.47509368,5.52056788,163112109.0,0.1717,12.593689,0.230145,81.842941,0.885858,0.022337
2024-06-20,sh.600028,5.52966272,5.62061112,5.52056788,5.61151628,171858594.0,0.181,12.801164,0.233936,83.19126,0.900452,0.022337
2024-06-21,sh.600028,5.60242144,5.6388008,5.53875756,5.58423176,169491527.0,0.1785,12.738921,0.232799,82.786764,0.896074,0.022337
2024-06-24,sh.600028,5.61151628,5.62061112,5.53875756,5.57513692,125780650.0,0.1324,12.718174,0.232419,82.651933,0.894615,0.022337
2024-06-25,sh.600028,5.60242144,5.6388008,5.5478524,5.55694724,136535852.0,0.1438,12.676679,0.231661,82.382269,0.891696,0.022337
2024-06-26,sh.600028,5.56604208,5.61151628,5.52056788,5.5933266,122673454.0,0.1292,12.759669,0.233178,82.921596,0.897533,0.022337
2024-06-27,sh.600028,5.58423176,5.62970596,5.56604208,5.60242144,120780978.0,0.1272,12.780416,0.233557,83.056428,0.898993,0.022337
2024-06-28,sh.600028,5.6388008,5.75703372,5.5933266,5.74793888,193602435.0,0.2039,13.112375,0.239623,85.213738,0.922343,0.022337
2024-07-01,sh.600028,5.7297492,5.83888728,5.72065436,5.81160276,142936241.0,0.1505,13.257607,0.242277,86.157561,0.932559,0.022337
2024-07-02,sh.600028,5.83888728,5.90255116,5.81160276,5.8661718,157891076.0,0.1663,13.382092,0.244552,86.966552,0.941316,0.022337
2024-07-03,sh.600028,5.8661718,5.89345632,5.81160276,5.84798212,126983995.0,0.1337,13.336228,0.243714,86.668498,0.93809,0.022337
2024-07-04,sh.600028,5.8661718,5.93893052,5.84798212,5.92074084,147775717.0,0.1556,13.502153,0.246746,87.7468,0.949761,0.022337
2024-07-05,sh.600028,5.92074084,5.9571202,5.81160276,5.84798212,159438378.0,0.1679,13.336228,0.243714,86.668498,0.93809,0.022337
2024-07-08,sh.600028,5.83888728,5.92983568,5.8206976,5.911646,140940307.0,0.1484,13.481413,0.246367,87.612012,0.948302,0.022337
2024-07-09,sh.600028,5.92074084,5.97530988,5.8661718,5.94802536,139590815.0,0.147,13.564375,0.247883,88.151163,0.954138,0.022337
2024-07-10,sh.600028,5.92983568,5.99349956,5.82979244,5.83888728,138500612.0,0.1458,13.315488,0.243335,86.53371,0.936631,0.022337
2024-07-11,sh.600028,5.8661718,5.87526664,5.79341308,5.83888728,141192830.0,0.1487,13.315488,0.243335,86.53371,0.936631,0.022337
2024-07-12,sh.600028,5.84798212,5.911646,5.81160276,5.8206976,134090233.0,0.1412,13.274006,0.242577,86.264135,0.933713,0.022337
2024-07-15,sh.600028,5.8206976,5.97530988,5.79341308,5.9571202,169550580.0,0.1785,13.585116,0.248262,88.28595,0.955597,0.022337
2024-07-16,sh.600028,5.9852694,6.097845,5.9571255,6.0884637,143831210.0,0.1514,13.460672,0.245988,87.477224,0.946843,0.022337
2024-07-17,sh.600028,6.0790824,6.1166076,6.004032,6.0321759,135138907.0,0.1423,13.336228,0.243714,86.668498,0.93809,0.022337
2024-07-18,sh.600028,6.0603198,6.1447515,6.0509385,6.1166076,156377623.0,0.1647,13.522894,0.247125,87.881587,0.95122,0.022337
2024-07-19,sh.600028,6.1166076,6.1541328,6.004032,6.097845,166191671.0,0.175,13.481413,0.246367,87.612012,0.948302,0.022337
2024-07-22,sh.600028,6.0697011,6.0884637,5.910219,6.0227946,146584113.0,0.1543,13.315488,0.243335,86.53371,0.936631,0.022337
2024-07-23,sh.600028,6.0134133,6.0790824,5.9946507,6.0321759,135414042.0,0.1426,13.336228,0.243714,86.668498,0.93809,0.022337
2024-07-24,sh.600028,6.0134133,6.285471,6.004032,6.2479458,228293697.0,0.2404,13.813263,0.252432,89.768615,0.971645,0.022337
2024-07-25,sh.600028,6.2573271,6.2760897,6.1541328,6.2385645,194657645.0,0.205,13.792522,0.252053,89.633828,0.970186,0.022337
2024-07-26,sh.600028,6.2291832,6.2573271,6.1166076,6.1728954,147621097.0,0.1554,13.647338,0.2494,88.690314,0.959973,0.022337
2024-07-29,sh.600028,6.1728954,6.285471,6.1353702,6.285471,135207151.0,0.1424,13.896225,0.253948,90.307766,0.97748,0.022337
2024-07-30,sh.600028,6.2573271,6.2667084,6.0321759,6.0697011,151769150.0,0.1598,13.419191,0.24523,87.207649,0.943925,0.022337
2024-07-31,sh.600028,6.0697011,6.1166076,5.9665068,6.0884637,211944279.0,0.2232,13.460672,0.245988,87.477224,0.946843,0.022337
2024-08-01,sh.600028,6.0790824,6.2104206,6.0603198,6.1541328,131782542.0,0.1388,13.605857,0.248642,88.420738,0.957056,0.022337
2024-08-02,sh.600028,6.1259889,6.2010393,6.0603198,6.1822767,97073758.0,0.1022,13.668078,0.249779,88.825101,0.961432,0.022337
2024-08-05,sh.600028,6.1447515,6.1447515,5.9852694,6.0415572,146616318.0,0.1544,13.356969,0.244093,86.803286,0.939548,0.022337
2024-08-06,sh.600028,6.0603198,6.097845,6.004032,6.0415572,95496076.0,0.1006,13.356969,0.244093,86.803286,0.939548,0.022337
2024-08-07,sh.600028,6.0321759,6.191658,6.0134133,6.1166076,109375911.0,0.1152,13.522894,0.247125,87.881587,0.95122,0.022337
2024-08-08,sh.600028,6.1447515,6.1822767,6.0884637,6.097845,62027618.0,0.0653,13.481413,0.246367,87.612012,0.948302,0.022337
2024-08-09,sh.600028,6.097845,6.1728954,6.0884637,6.1541328,66883566.0,0.0704,13.605857,0.248642,88.420738,0.957056,0.022337
2024-08-12,sh.600028,6.1541328,6.2385645,6.1259889,6.1635141,99584700.0,0.1049,13.626597,0.249021,88.555526,0.958514,0.022337
2024-08-13,sh.600028,6.1635141,6.2667084,6.1541328,6.2291832,93251231.0,0.0982,13.771782,0.251674,89.49904,0.968727,0.022337
2024-08-14,sh.600028,6.2198019,6.2573271,6.1822767,6.2385645,58991417.0,0.0621,13.792522,0.252053,89.633828,0.970186,0.022337
2024-08-15,sh.600028,6.2104206,6.2948523,6.191658,6.2760897,81430329.0,0.0857,13.875485,0.253569,90.172978,0.976022,0.022337
2024-08-16,sh.600028,6.285471,6.3417588,6.2291832,6.2667084,124517577.0,0.1311,13.854744,0.25319,90.038191,0.974563,0.022337
2024-08-19,sh.600028,6.2667084,6.379284,6.2573271,6.3042336,115984327.0,0.1221,13.937707,0.254706,90.577342,0.980398,0.022337
2024-08-20,sh.600028,6.285471,6.2948523,6.191658,6.2479458,88015965.0,0.0927,13.813263,0.252432,89.768615,0.971645,0.022337
2024-08-21,sh.600028,6.2385645,6.2667084,6.1541328,6.2573271,72221746.0,0.076,13.834004,0.252811,89.903403,0.973104,0.022337
2024-08-22,sh.600028,6.2385645,6.3699027,6.2104206,6.3229962,105746163.0,0.1113,13.979188,0.255464,90.846917,0.983316,0.022337
2024-08-23,sh.600028,6.3136149,6.4074279,6.2948523,6.3980466,97835107.0,0.103,14.145113,0.258496,91.925219,0.994988,0.022337
2024-08-26,sh.600028,6.4261905,6.4918596,6.3699027,6.4637157,136585649.0,0.1438,13.733712,0.262473,30.759787,1.012524,0.043702
2024-08-27,sh.600028,6.473097,6.754536,6.4637157,6.7357734,205901774.0,0.2168,14.311764,0.27352,32.054466,1.055141,0.043702
2024-08-28,sh.600028,6.7076295,6.7639173,6.6138165,6.660723,119407650.0,0.1257,14.152301,0.270473,31.697313,1.043385,0.043702
2024-08-29,sh.600028,6.6513417,6.7263921,6.4168092,6.4449531,156372085.0,0.1647,13.693846,0.261711,30.670499,1.009585,0.043702
2024-08-30,sh.600028,6.4261905,6.4918596,6.2948523,6.3886653,180830165.0,0.1904,13.574249,0.259425,30.402634,1.000768,0.043702
2024-09-02,sh.600028,6.3323775,6.5856726,6.3136149,6.5387661,164561123.0,0.1733,13.893175,0.26552,31.11694,1.024281,0.043702
2024-09-03,sh.600028,6.5200035,6.56691,6.2104206,6.2573271,175875914.0,0.1852,13.29519,0.254092,29.777616,0.980194,0.043702
2024-09-04,sh.600028,6.191658,6.2385645,6.097845,6.1822767,103761424.0,0.1093,13.135727,0.251044,29.420464,0.968438,0.043702
2024-09-05,sh.600028,6.2104206,6.2385645,6.0790824,6.1447515,122228207.0,0.1287,13.055996,0.24952,29.241887,0.962559,0.043702
2024-09-06,sh.600028,6.1447515,6.3042336,6.1353702,6.191658,85728765.0,0.0903,13.15566,0.251425,29.465108,0.969907,0.043702
2024-09-09,sh.600028,6.191658,6.2198019,5.9665068,5.9852694,141548337.0,0.149,12.717138,0.243044,28.482938,0.937577,0.043702
2024-09-10,sh.600028,5.9852694,6.1259889,5.9758881,6.097845,116664404.0,0.1228,12.956332,0.247616,29.018667,0.955211,0.043702
2024-09-11,sh.600028,6.0697011,6.0790824,5.7788808,5.910219,176713368.0,0.1861,12.557676,0.239997,28.125785,0.92582,0.043702
2024-09-12,sh.600028,5.9008377,5.9571255,5.8539312,5.9383629,98119005.0,0.1033,12.617474,0.24114,28.259717,0.930229,0.043702
2024-09-13,sh.600028,5.967189,6.015234,5.938362,5.947971,99900315.0,0.1052,12.338415,0.235806,27.6347,0.909655,0.043702
2024-09-18,sh.600028,5.967189,6.188196,5.967189,6.140151,109331331.0,0.1151,12.737071,0.243425,28.527582,0.939046,0.043702
2024-09-19,sh.600028,6.140151,6.168978,5.919144,6.072888,131665937.0,0.1386,12.597541,0.240759,28.215073,0.928759,0.043702
2024-09-20,sh.600028,6.05367,6.207414,6.05367,6.130542,141769491.0,0.1493,12.717138,0.243044,28.482938,0.937577,0.043702
2024-09-23,sh.600028,6.14976,6.284286,6.101715,6.226632,85530303.0,0.0901,12.916466,0.246854,28.929379,0.952272,0.043702
2024-09-24,sh.600028,6.313113,6.505293,6.24585,6.495684,158111820.0,0.1665,13.474585,0.25752,30.179413,0.99342,0.043702
2024-09-25,sh.600028,6.620601,6.716691,6.418812,6.457248,211493297.0,0.2227,13.394854,0.255997,30.000837,0.987542,0.043702
2024-09-26,sh.600028,6.476466,6.486075,6.361158,6.486075,191475786.0,0.2016,13.454653,0.257139,30.134769,0.99195,0.043702
2024-09-27,sh.600028,6.524511,6.524511,6.265068,6.399594,225603165.0,0.2375,13.275257,0.253711,29.732972,0.978724,0.043702
2024-09-30,sh.600028,6.428421,6.841608,6.418812,6.687864,524732523.0,0.5525,13.873242,0.265139,31.072295,1.022811,0.043702
2024-10-08,sh.600028,7.30284,7.341276,6.572556,6.745518,602787150.0,0.6347,13.992839,0.267425,31.34016,1.031628,0.043702
2024-10-09,sh.600028,6.7263,6.7263,6.322722,6.322722,355211645.0,0.374,13.115795,0.250663,29.37582,0.966968,0.043702
2024-10-10,sh.600028,6.399594,6.7263,6.389985,6.610992,319840879.0,0.3368,13.713779,0.262092,30.715143,1.011055,0.043702
2024-10-11,sh.600028,6.639819,6.735909,6.418812,6.486075,244773968.0,0.2577,13.454653,0.257139,30.134769,0.99195,0.043702
2024-10-14,sh.600028,6.610992,6.63021,6.466857,6.53412,182196125.0,0.1918,13.554317,0.259044,30.35799,0.999298,0.043702
2024-10-15,sh.600028,6.486075,6.486075,6.34194,6.34194,178261032.0,0.1877,13.15566,0.251425,29.465108,0.969907,0.043702
2024-10-16,sh.600028,6.293895,6.399594,6.265068,6.332331,136315154.0,0.1435,13.135727,0.251044,29.420464,0.968438,0.043702
2024-10-17,sh.600028,6.351549,6.409203,6.24585,6.24585,157877365.0,0.1662,12.956332,0.247616,29.018667,0.955211,0.043702
2024-10-18,sh.600028,6.255459,6.370767,6.188196,6.313113,196731652.0,0.2071,13.095862,0.250282,29.331175,0.965498,0.043702
2024-10-21,sh.600028,6.409203,6.43803,6.274677,6.293895,237685914.0,0.2503,13.055996,0.24952,29.241887,0.962559,0.043702
2024-10-22,sh.600028,6.293895,6.361158,6.274677,6.34194,153924210.0,0.1621,13.15566,0.251425,29.465108,0.969907,0.043702
2024-10-23,sh.600028,6.351549,6.361158,6.284286,6.332331,161485930.0,0.17,13.135727,0.251044,29.420464,0.968438,0.043702
2024-10-24,sh.600028,6.303504,6.322722,6.226632,6.236241,144542932.0,0.1522,12.936399,0.247235,28.974023,0.953742,0.043702
2024-10-25,sh.600028,6.236241,6.236241,6.178587,6.197805,112205589.0,0.1181,12.856668,0.245711,28.795446,0.947864,0.043702
2024-10-28,sh.600028,6.159369,6.188196,6.111324,6.188196,153004067.0,0.1611,12.836735,0.24533,28.750802,0.946394,0.043702
2024-10-29,sh.600028,6.072888,6.082497,5.976798,5.986407,281948483.0,0.2969,14.652711,0.243884,-58.687971,0.925633,0.054461
2024-10-30,sh.600028,5.986407,6.005625,5.928753,5.947971,156245067.0,0.1645,14.558633,0.242318,-58.311163,0.91969,0.054461
2024-10-31,sh.600028,5.95758,5.986407,5.919144,5.938362,151855017.0,0.1599,14.535113,0.241927,-58.21696,0.918204,0.054461
2024-11-01,sh.600028,5.947971,6.063279,5.938362,6.034452,224292942.0,0.2362,14.770309,0.245841,-59.158982,0.933062,0.054461
2024-11-04,sh.600028,6.034452,6.044061,5.938362,5.996016,167204622.0,0.1761,14.676231,0.244275,-58.782174,0.927119,0.054461
2024-11-05,sh.600028,5.996016,6.044061,5.95758,6.034452,191059848.0,0.2012,14.770309,0.245841,-59.158982,0.933062,0.054461
2024-11-06,sh.600028,6.024843,6.111324,6.005625,6.034452,218884820.0,0.2305,14.770309,0.245841,-59.158982,0.933062,0.054461
2024-11-07,sh.600028,6.034452,6.140151,6.005625,6.130542,196704642.0,0.2071,15.005505,0.249756,-60.101004,0.94792,0.054461
2024-11-08,sh.600028,6.14976,6.178587,6.072888,6.082497,187519382.0,0.1974,14.887907,0.247799,-59.629993,0.940491,0.054461
2024-11-11,sh.600028,6.034452,6.044061,5.967189,5.986407,174981981.0,0.1842,14.652711,0.243884,-58.687971,0.925633,0.054461
2024-11-12,sh.600028,5.95758,6.015234,5.938362,5.938362,161139846.0,0.1697,14.535113,0.241927,-58.21696,0.918204,0.054461
2024-11-13,sh.600028,5.938362,6.034452,5.928753,5.996016,138917014.0,0.1463,14.676231,0.244275,-58.782174,0.927119,0.054461
2024-11-14,sh.600028,5.986407,6.092106,5.976798,6.024843,200456236.0,0.2111,14.74679,0.24545,-59.06478,0.931576,0.054461
2024-11-15,sh.600028,6.015234,6.130542,5.996016,6.072888,204662984.0,0.2155,14.864388,0.247407,-59.535791,0.939005,0.054461
2024-11-18,sh.600028,6.082497,6.197805,6.072888,6.111324,216905692.0,0.2284,14.958466,0.248973,-59.9126,0.944948,0.054461
2024-11-19,sh.600028,6.130542,6.140151,6.015234,6.044061,178021352.0,0.1874,14.793829,0.246233,-59.253185,0.934548,0.054461
2024-11-20,sh.600028,6.024843,6.120933,6.015234,6.092106,139359118.0,0.1467,14.911427,0.24819,-59.724196,0.941977,0.054461
2024-11-21,sh.600028,6.082497,6.120933,6.063279,6.082497,93197275.0,0.0981,14.887907,0.247799,-59.629993,0.940491,0.054461
2024-11-22,sh.600028,6.082497,6.120933,6.024843,6.024843,137277472.0,0.1445,14.74679,0.24545,-59.06478,0.931576,0.054461
2024-11-25,sh.600028,6.05367,6.188196,6.034452,6.082497,209483198.0,0.2206,14.887907,0.247799,-59.629993,0.940491,0.054461
2024-11-26,sh.600028,6.044061,6.120933,5.976798,6.111324,139289890.0,0.1467,14.958466,0.248973,-59.9126,0.944948,0.054461
2024-11-27,sh.600028,6.111324,6.130542,6.072888,6.130542,126679424.0,0.1336,14.989459,0.249489,-60.036732,0.946906,0.054461
2024-11-28,sh.600028,6.120933,6.168978,6.101715,6.14976,115904360.0,0.1222,15.036447,0.250271,-60.224935,0.949874,0.054461
2024-11-29,sh.600028,6.159369,6.178587,6.111324,6.111324,127803439.0,0.1348,14.94247,0.248707,-59.848529,0.943938,0.054461
2024-12-02,sh.600028,6.092106,6.101715,6.044061,6.063279,160189776.0,0.1689,14.824997,0.246751,-59.378022,0.936517,0.054461
2024-12-03,sh.600028,6.063279,6.101715,6.034452,6.101715,135805575.0,0.1432,14.918975,0.248316,-59.754428,0.942454,0.054461
2024-12-04,sh.600028,6.101715,6.24585,6.082497,6.226632,296081687.0,0.3122,15.224403,0.253399,-60.977747,0.961748,0.054461
2024-12-05,sh.600028,6.197805,6.217023,6.120933,6.140151,126470909.0,0.1333,15.012953,0.24988,-60.130834,0.94839,0.054461
2024-12-06,sh.600028,6.120933,6.197805,6.120933,6.159369,119178142.0,0.1257,15.059942,0.250662,-60.319037,0.951359,0.054461
2024-12-09,sh.600028,6.14976,6.226632,6.120933,6.217023,131222903.0,0.1384,15.200909,0.253008,-60.883645,0.960264,0.054461
2024-12-10,sh.600028,6.265068,6.293895,6.188196,6.188196,164668708.0,0.1736,15.130425,0.251835,-60.601341,0.955811,0.054461
2024-12-11,sh.600028,6.188196,6.217023,6.168978,6.188196,103105099.0,0.1087,15.130425,0.251835,-60.601341,0.955811,0.054461
2024-12-12,sh.600028,6.197805,6.226632,6.178587,6.207414,126065488.0,0.1329,15.177414,0.252617,-60.789544,0.958779,0.054461
2024-12-13,sh.600028,6.178587,6.188196,6.092106,6.111324,220032124.0,0.232,14.94247,0.248707,-59.848529,0.943938,0.054461
2024-12-16,sh.600028,6.111324,6.217023,6.111324,6.197805,166124797.0,0.1752,15.15392,0.252226,-60.695442,0.957295,0.054461
2024-12-17,sh.600028,6.178587,6.265068,6.168978,6.188196,133820266.0,0.1411,15.130425,0.251835,-60.601341,0.955811,0.054461
2024-12-18,sh.600028,6.207414,6.303504,6.207414,6.255459,158983391.0,0.1676,15.294886,0.254572,-61.260051,0.9662,0.054461
2024-12-19,sh.600028,6.236241,6.293895,6.188196,6.207414,123185917.0,0.1299,15.177414,0.252617,-60.789544,0.958779,0.054461
2024-12-20,sh.600028,6.217023,6.226632,6.130542,6.130542,132952415.0,0.1402,14.989459,0.249489,-60.036732,0.946906,0.054461
2024-12-23,sh.600028,6.140151,6.303504,6.140151,6.284286,255275708.0,0.2692,15.36537,0.255746,-61.542356,0.970653,0.054461
2024-12-24,sh.600028,6.24585,6.389985,6.236241,6.351549,181170097.0,0.191,15.529831,0.258483,-62.201066,0.981042,0.054461
2024-12-25,sh.600028,6.351549,6.495684,6.351549,6.495684,208435657.0,0.2198,15.882248,0.264349,-63.612588,1.003305,0.054461
2024-12-26,sh.600028,6.476466,6.495684,6.361158,6.409203,161122288.0,0.1699,15.670798,0.260829,-62.765675,0.989947,0.054461
2024-12-27,sh.600028,6.399594,6.447639,6.313113,6.389985,132060597.0,0.1392,15.623809,0.260047,-62.577472,0.986979,0.054461
2024-12-30,sh.600028,6.361158,6.476466,6.361158,6.457248,139251589.0,0.1468,15.78827,0.262784,-63.236182,0.997368,0.054461
2024-12-31,sh.600028,6.43803,6.514902,6.399594,6.418812,170879598.0,0.1802,15.657096,0.260601,-62.710797,0.989082,0.054461
2025-01-02,sh.600028,6.409203,6.466857,6.265068,6.303504,171978677.0,0.1813,15.375831,0.25592,-61.584256,0.971314,0.054461
2025-01-03,sh.600028,6.322722,6.389985,6.284286,6.313113,162187313.0,0.171,15.39927,0.25631,-61.678135,0.972794,0.054461
2025-01-06,sh.600028,6.332331,6.351549,6.217023,6.303504,129469608.0,0.1365,15.375831,0.25592,-61.584256,0.971314,0.054461
2025-01-07,sh.600028,6.293895,6.303504,6.226632,6.274677,92531467.0,0.0976,15.305515,0.254749,-61.302621,0.966872,0.054461
2025-01-08,sh.600028,6.274677,6.43803,6.265068,6.322722,159276680.0,0.1679,15.422709,0.2567,-61.772013,0.974275,0.054461
2025-01-09,sh.600028,6.274677,6.293895,6.140151,6.159369,172834136.0,0.1822,15.02425,0.250068,-60.17608,0.949104,0.054461
2025-01-10,sh.600028,6.168978,6.197805,6.044061,6.044061,156583816.0,0.1651,14.742984,0.245386,-59.049538,0.931336,0.054461
2025-01-13,sh.600028,6.072888,6.101715,5.919144,5.967189,156714198.0,0.1652,14.555474,0.242265,-58.298511,0.919491,0.054461
2025-01-14,sh.600028,5.967189,6.024843,5.928753,6.015234,134719766.0,0.142,14.672668,0.244216,-58.767903,0.926894,0.054461
2025-01-15,sh.600028,5.996016,6.130542,5.986407,6.015234,137381771.0,0.1449,14.672668,0.244216,-58.767903,0.926894,0.054461
2025-01-16,sh.600028,6.05367,6.092106,6.005625,6.034452,117598435.0,0.124,14.719546,0.244996,-58.95566,0.929855,0.054461
2025-01-17,sh.600028,6.015234,6.044061,5.967189,5.976798,108355886.0,0.1142,14.578913,0.242656,-58.392389,0.920971,0.054461
2025-01-20,sh.600028,5.996016,6.005625,5.919144,5.928753,142035405.0,0.1498,14.461719,0.240705,-57.922997,0.913568,0.054461
2025-01-21,sh.600028,5.938362,5.947971,5.823054,5.832663,177952934.0,0.1876,14.227332,0.236804,-56.984213,0.898761,0.054461
2025-01-22,sh.600028,5.813445,5.842272,5.7654,5.7654,126871314.0,0.1338,14.06326,0.234073,-56.327064,0.888397,0.054461
2025-01-23,sh.600028,5.784618,5.842272,5.775009,5.794227,134814670.0,0.1421,14.133576,0.235243,-56.608699,0.892839,0.054461
2025-01-24,sh.600028,5.794227,5.832663,5.7654,5.803836,107529468.0,0.1134,14.157015,0.235633,-56.702577,0.894319,0.054461
2025-01-27,sh.600028,5.813445,5.86149,5.813445,5.842272,131362783.0,0.1385,14.25077,0.237194,-57.078091,0.900242,0.054461
2025-02-05,sh.600028,5.851881,5.86149,5.7654,5.784618,131663139.0,0.1388,14.110138,0.234853,-56.51482,0.891358,0.054461
2025-02-06,sh.600028,5.794227,5.851881,5.784618,5.851881,103993507.0,0.1096,14.274209,0.237584,-57.17197,0.901723,0.054461
2025-02-07,sh.600028,5.842272,5.890317,5.813445,5.871099,147852336.0,0.1559,14.321087,0.238364,-57.359726,0.904684,0.054461
2025-02-10,sh.600028,5.86149,5.890317,5.842272,5.871099,124406902.0,0.1312,14.321087,0.238364,-57.359726,0.904684,0.054461
2025-02-11,sh.600028,5.880708,5.919144,5.851881,5.871099,119112534.0,0.1256,14.321087,0.238364,-57.359726,0.904684,0.054461
2025-02-12,sh.600028,5.871099,5.890317,5.832663,5.86149,117835995.0,0.1242,14.297648,0.237974,-57.265848,0.903203,0.054461
2025-02-13,sh.600028,5.86149,5.871099,5.832663,5.832663,126894210.0,0.1338,14.227332,0.236804,-56.984213,0.898761,0.054461
2025-02-14,sh.600028,5.842272,5.851881,5.794227,5.832663,143300989.0,0.1511,14.227332,0.236804,-56.984213,0.898761,0.054461
2025-02-17,sh.600028,5.832663,5.842272,5.784618,5.803836,143310806.0,0.1511,14.157015,0.235633,-56.702577,0.894319,0.054461
2025-02-18,sh.600028,5.794227,5.823054,5.7654,5.775009,183864883.0,0.1939,14.086699,0.234463,-56.420942,0.889877,0.054461
2025-02-19,sh.600028,5.775009,5.775009,5.66931,5.688528,283686840.0,0.2991,13.87575,0.230952,-55.576036,0.876551,0.054461
2025-02-20,sh.600028,5.688528,5.717355,5.66931,5.678919,136551273.0,0.144,13.852311,0.230562,-55.482158,0.875071,0.054461
2025-02-21,sh.600028,5.688528,5.707746,5.659701,5.678919,124865575.0,0.1317,13.852311,0.230562,-55.482158,0.875071,0.054461
2025-02-24,sh.600028,5.66931,5.678919,5.640483,5.650092,134193900.0,0.1415,13.781995,0.229391,-55.200522,0.870629,0.054461
2025-02-25,sh.600028,5.640483,5.66931,5.582829,5.592438,149208209.0,0.1573,13.641362,0.227051,-54.637252,0.861745,0.054461
2025-02-26,sh.600028,5.57322,5.611656,5.505957,5.563611,186769457.0,0.1969,13.571046,0.22588,-54.355616,0.857303,0.054461
2025-02-27,sh.600028,5.563611,5.611656,5.525175,5.611656,184045467.0,0.1941,13.68824,0.227831,-54.825009,0.864706,0.054461
2025-02-28,sh.600028,5.592438,5.650092,5.554002,5.554002,179805187.0,0.1896,13.547607,0.22549,-54.261738,0.855822,0.054461
2025-03-03,sh.600028,5.554002,5.582829,5.505957,5.515566,159040534.0,0.1677,13.453852,0.22393,-53.886224,0.8499,0.054461
2025-03-04,sh.600028,5.496348,5.505957,5.429085,5.438694,148210060.0,0.1563,13.266342,0.220809,-53.135197,0.838054,0.054461
2025-03-05,sh.600028,5.438694,5.47713,5.409867,5.457912,124452618.0,0.1312,13.31322,0.221589,-53.322954,0.841016,0.054461
2025-03-06,sh.600028,5.438694,5.47713,5.429085,5.467521,124714581.0,0.1315,13.336658,0.221979,-53.416832,0.842496,0.054461
2025-03-07,sh.600028,5.467521,5.534784,5.457912,5.505957,130306153.0,0.1374,13.430413,0.22354,-53.792346,0.848419,0.054461
2025-03-10,sh.600028,5.505957,5.515566,5.448303,5.467521,96825754.0,0.1021,13.336658,0.221979,-53.416832,0.842496,0.054461
2025-03-11,sh.600028,5.438694,5.47713,5.438694,5.47713,97164213.0,0.1024,13.360097,0.222369,-53.51071,0.843977,0.054461
2025-03-12,sh.600028,5.467521,5.47713,5.438694,5.438694,107272000.0,0.1131,13.266342,0.220809,-53.135197,0.838054,0.054461
2025-03-13,sh.600028,5.448303,5.525175,5.448303,5.505957,179181212.0,0.1889,13.430413,0.22354,-53.792346,0.848419,0.054461
2025-03-14,sh.600028,5.496348,5.582829,5.486739,5.57322,199746701.0,0.2106,13.594485,0.22627,-54.449495,0.858784,0.054461
2025-03-17,sh.600028,5.592438,5.640483,5.592438,5.621265,140706474.0,0.1484,13.711679,0.228221,-54.918887,0.866187,0.054461
2025-03-18,sh.600028,5.621265,5.630874,5.582829,5.592438,88784201.0,0.0936,13.641362,0.227051,-54.637252,0.861745,0.054461
2025-03-19,sh.600028,5.582829,5.621265,5.57322,5.621265,74744209.0,0.0788,13.711679,0.228221,-54.918887,0.866187,0.054461
2025-03-20,sh.600028,5.611656,5.640483,5.602047,5.630874,99858341.0,0.1053,13.735117,0.228611,-55.012765,0.867668,0.054461
2025-03-21,sh.600028,5.630874,5.698137,5.582829,5.582829,153058289.0,0.1614,13.617924,0.226661,-54.543373,0.860264,0.054461
2025-03-24,sh.600028,5.534784,5.563611,5.47713,5.505957,175742456.0,0.1853,13.812401,0.22603,-22.811952,0.847572,0.061896
2025-03-25,sh.600028,5.525175,5.554002,5.515566,5.544393,110156120.0,0.1161,13.908822,0.227608,-22.971198,0.853489,0.061896
2025-03-26,sh.600028,5.544393,5.57322,5.515566,5.534784,112424472.0,0.1185,13.884717,0.227213,-22.931387,0.85201,0.061896
2025-03-27,sh.600028,5.544393,5.611656,5.544393,5.602047,122256906.0,0.1289,14.053455,0.229975,-23.210067,0.862364,0.061896
2025-03-28,sh.600028,5.611656,5.611656,5.534784,5.544393,87796120.0,0.0926,13.908822,0.227608,-22.971198,0.853489,0.061896
2025-03-31,sh.600028,5.554002,5.592438,5.496348,5.505957,126673418.0,0.1336,13.812401,0.22603,-22.811952,0.847572,0.061896
2025-04-01,sh.600028,5.525175,5.554002,5.486739,5.505957,108575423.0,0.1145,13.812401,0.22603,-22.811952,0.847572,0.061896
2025-04-02,sh.600028,5.505957,5.534784,5.496348,5.525175,78806985.0,0.0831,13.860611,0.226819,-22.891575,0.850531,0.061896
2025-04-03,sh.600028,5.486739,5.563611,5.486739,5.554002,111757087.0,0.1178,13.932928,0.228002,-23.011009,0.854968,0.061896
2025-04-07,sh.600028,5.409867,5.409867,5.044725,5.169642,388042554.0,0.4091,12.968711,0.212224,-21.418552,0.795801,0.061896
2025-04-08,sh.600028,5.208078,5.457912,5.198469,5.448303,339001591.0,0.3574,13.667768,0.223663,-22.573084,0.838697,0.061896
2025-04-09,sh.600028,5.429085,5.448303,5.304168,5.409867,207901445.0,0.2192,13.571347,0.222085,-22.413838,0.832781,0.061896
2025-04-10,sh.600028,5.448303,5.457912,5.342604,5.371431,168645059.0,0.1778,13.474925,0.220507,-22.254592,0.826864,0.061896
2025-04-11,sh.600028,5.371431,5.371431,5.304168,5.342604,115225544.0,0.1215,13.402609,0.219324,-22.135158,0.822426,0.061896
2025-04-14,sh.600028,5.342604,5.400258,5.332995,5.390649,127403489.0,0.1343,13.523136,0.221296,-22.334215,0.829822,0.061896
2025-04-15,sh.600028,5.371431,5.429085,5.361822,5.429085,128710686.0,0.1357,13.619557,0.222874,-22.493461,0.835739,0.061896
2025-04-16,sh.600028,5.409867,5.515566,5.400258,5.505957,150243226.0,0.1584,13.812401,0.22603,-22.811952,0.847572,0.061896
2025-04-17,sh.600028,5.505957,5.505957,5.438694,5.505957,100159798.0,0.1056,13.812401,0.22603,-22.811952,0.847572,0.061896
2025-04-18,sh.600028,5.486739,5.525175,5.467521,5.505957,72774302.0,0.0767,13.812401,0.22603,-22.811952,0.847572,0.061896
2025-04-21,sh.600028,5.486739,5.515566,5.429085,5.438694,109499616.0,0.1155,13.643663,0.223269,-22.533272,0.837218,0.061896
2025-04-22,sh.600028,5.438694,5.505957,5.429085,5.467521,102404340.0,0.108,13.715979,0.224452,-22.652707,0.841656,0.061896
2025-04-23,sh.600028,5.496348,5.496348,5.448303,5.457912,75735469.0,0.0799,13.691874,0.224058,-22.612895,0.840177,0.061896
2025-04-24,sh.600028,5.448303,5.486739,5.448303,5.47713,77287467.0,0.0815,13.740084,0.224847,-22.692518,0.843135,0.061896
2025-04-25,sh.600028,5.47713,5.486739,5.438694,5.457912,75293856.0,0.0794,13.691874,0.224058,-22.612895,0.840177,0.061896
2025-04-28,sh.600028,5.457912,5.505957,5.429085,5.486739,101498737.0,0.107,13.76419,0.225241,-22.732329,0.844614,0.061896
2025-04-29,sh.600028,5.457912,5.486739,5.409867,5.409867,114049876.0,0.1203,15.08617,0.226101,-89.573024,0.817924,0.016032
2025-04-30,sh.600028,5.419476,5.448303,5.390649,5.438694,85032203.0,0.0897,15.166559,0.227306,-90.050322,0.822282,0.016032
2025-05-06,sh.600028,5.448303,5.448303,5.400258,5.419476,102875950.0,0.1085,15.112966,0.226503,-89.732123,0.819377,0.016032
2025-05-07,sh.600028,5.467521,5.486739,5.419476,5.486739,146633258.0,0.1546,15.300539,0.229314,-90.84582,0.829546,0.016032
2025-05-08,sh.600028,5.467521,5.505957,5.448303,5.467521,74485958.0,0.0785,15.246947,0.228511,-90.527621,0.826641,0.016032
2025-05-09,sh.600028,5.467521,5.496348,5.457912,5.467521,77589229.0,0.0818,15.246947,0.228511,-90.527621,0.826641,0.016032
2025-05-12,sh.600028,5.47713,5.496348,5.457912,5.47713,71792492.0,0.0757,15.273743,0.228913,-90.68672,0.828093,0.016032
2025-05-13,sh.600028,5.496348,5.525175,5.486739,5.505957,106926632.0,0.1127,15.354131,0.230117,-91.164019,0.832452,0.016032
2025-05-14,sh.600028,5.515566,5.602047,5.496348,5.602047,157181729.0,0.1657,15.622091,0.234133,-92.755014,0.84698,0.016032
2025-05-15,sh.600028,5.592438,5.621265,5.554002,5.554002,101816814.0,0.1074,15.488111,0.232125,-91.959516,0.839716,0.016032
2025-05-16,sh.600028,5.554002,5.563611,5.429085,5.438694,177436068.0,0.1871,15.166559,0.227306,-90.050322,0.822282,0.016032
2025-05-19,sh.600028,5.448303,5.486739,5.438694,5.457912,75256958.0,0.0793,15.220151,0.228109,-90.368521,0.825188,0.016032
2025-05-20,sh.600028,5.467521,5.47713,5.438694,5.448303,61297412.0,0.0646,15.193355,0.227708,-90.209422,0.823735,0.016032
2025-05-21,sh.600028,5.457912,5.525175,5.457912,5.486739,118003241.0,0.1244,15.300539,0.229314,-90.84582,0.829546,0.016032
2025-05-22,sh.600028,5.486739,5.554002,5.467521,5.554002,137971663.0,0.1455,15.488111,0.232125,-91.959516,0.839716,0.016032
2025-05-23,sh.600028,5.544393,5.57322,5.467521,5.467521,112996974.0,0.1191,15.246947,0.228511,-90.527621,0.826641,0.016032
2025-05-26,sh.600028,5.467521,5.505957,5.448303,5.457912,89065961.0,0.0939,15.220151,0.228109,-90.368521,0.825188,0.016032
2025-05-27,sh.600028,5.467521,5.496348,5.457912,5.457912,65958132.0,0.0695,15.220151,0.228109,-90.368521,0.825188,0.016032
2025-05-28,sh.600028,5.467521,5.57322,5.467521,5.563611,166227593.0,0.1753,15.514907,0.232527,-92.118616,0.841169,0.016032
2025-05-29,sh.600028,5.563611,5.582829,5.505957,5.505957,112245865.0,0.1184,15.354131,0.230117,-91.164019,0.832452,0.016032
2025-05-30,sh.600028,5.505957,5.57322,5.496348,5.554002,121940620.0,0.1286,15.488111,0.232125,-91.959516,0.839716,0.016032
2025-06-03,sh.600028,5.554002,5.563611,5.505957,5.525175,95018610.0,0.1002,15.407723,0.230921,-91.482218,0.835357,0.016032
2025-06-04,sh.600028,5.525175,5.554002,5.515566,5.534784,69972152.0,0.0738,15.429897,0.231253,-91.613875,0.83656,0.016032
2025-06-05,sh.600028,5.525175,5.544393,5.486739,5.496348,99519727.0,0.1049,15.322745,0.229647,-90.977668,0.83075,0.016032
2025-06-06,sh.600028,5.505957,5.534784,5.486739,5.525175,84544104.0,0.0891,15.403109,0.230851,-91.454823,0.835107,0.016032
2025-06-09,sh.600028,5.534784,5.544393,5.505957,5.534784,79071162.0,0.0834,15.429897,0.231253,-91.613875,0.83656,0.016032
2025-06-10,sh.600028,5.534784,5.563611,5.505957,5.525175,104333812.0,0.11,15.403109,0.230851,-91.454823,0.835107,0.016032
2025-06-11,sh.600028,5.525175,5.650092,5.515566,5.640483,235635718.0,0.2485,15.724565,0.235669,-93.363446,0.852536,0.016032
2025-06-12,sh.600028,5.640483,5.678919,5.582829,5.659701,159278192.0,0.1679,15.778141,0.236472,-93.681549,0.85544,0.016032
2025-06-13,sh.600028,5.717355,5.755791,5.66931,5.698137,192690158.0,0.2032,15.885293,0.238078,-94.317757,0.86125,0.016032
2025-06-16,sh.600028,5.717355,5.726964,5.640483,5.678919,195747331.0,0.2064,15.831717,0.237275,-93.999653,0.858345,0.016032
2025-06-17,sh.600028,5.678919,5.784618,5.66931,5.726964,250770753.0,0.2644,15.965657,0.239283,-94.794912,0.865607,0.016032
2025-06-18,sh.600028,5.77616218,5.78600232,5.66792064,5.66792064,183268746.0,0.1932,15.429897,0.231253,-91.613875,0.83656,0.016032
2025-06-19,sh.600028,5.67776078,5.7564819,5.6088798,5.74664176,210279018.0,0.2217,15.644201,0.234465,-92.88629,0.848179,0.016032
2025-06-20,sh.600028,5.73680162,5.76632204,5.6580805,5.6580805,182528779.0,0.1925,15.403109,0.230851,-91.454823,0.835107,0.016032
2025-06-23,sh.600028,5.71712134,5.73680162,5.57935938,5.61871994,215761708.0,0.2275,15.295957,0.229246,-90.818616,0.829298,0.016032
2025-06-24,sh.600028,5.56951924,5.62856008,5.47111784,5.57935938,209694894.0,0.2211,15.188805,0.22764,-90.182408,0.823488,0.016032
2025-06-25,sh.600028,5.5596791,5.59903966,5.53015868,5.58919952,148293001.0,0.1564,15.215593,0.228041,-90.34146,0.824941,0.016032
2025-06-26,sh.600028,5.58919952,5.62856008,5.56951924,5.61871994,116040255.0,0.1224,15.295957,0.229246,-90.818616,0.829298,0.016032
2025-06-27,sh.600028,5.61871994,5.61871994,5.54983896,5.56951924,127288456.0,0.1342,15.162017,0.227238,-90.023356,0.822036,0.016032
2025-06-30,sh.600028,5.56951924,5.57935938,5.53999882,5.54983896,97703179.0,0.103,15.108441,0.226435,-89.705253,0.819131,0.016032
2025-07-01,sh.600028,5.54983896,5.58919952,5.53015868,5.56951924,87544040.0,0.0923,15.162017,0.227238,-90.023356,0.822036,0.016032
2025-07-02,sh.600028,5.57935938,5.6088798,5.56951924,5.59903966,110109984.0,0.1161,15.242381,0.228443,-90.500512,0.826393,0.016032
2025-07-03,sh.600028,5.6088798,5.61871994,5.54983896,5.56951924,124725734.0,0.1315,15.162017,0.227238,-90.023356,0.822036,0.016032
2025-07-04,sh.600028,5.56951924,5.59903966,5.5596791,5.58919952,113433306.0,0.1196,15.215593,0.228041,-90.34146,0.824941,0.016032
2025-07-07,sh.600028,5.57935938,5.57935938,5.53999882,5.5596791,88986744.0,0.0938,15.135229,0.226837,-89.864304,0.820584,0.016032
2025-07-08,sh.600028,5.56951924,5.59903966,5.54983896,5.58919952,100850927.0,0.1063,15.215593,0.228041,-90.34146,0.824941,0.016032
2025-07-09,sh.600028,5.58919952,5.63840022,5.57935938,5.58919952,135271858.0,0.1426,15.215593,0.228041,-90.34146,0.824941,0.016032
2025-07-10,sh.600028,5.59903966,5.68760092,5.59903966,5.66792064,225011608.0,0.2372,15.429897,0.231253,-91.613875,0.83656,0.016032
2025-07-11,sh.600028,5.67776078,5.7564819,5.61871994,5.61871994,265997415.0,0.2805,15.295957,0.229246,-90.818616,0.829298,0.016032
2025-07-14,sh.600028,5.63840022,5.7072812,5.63840022,5.67776078,140146982.0,0.1478,15.456685,0.231654,-91.772927,0.838012,0.016032
2025-07-15,sh.600028,5.66792064,5.69744106,5.62856008,5.66792064,109590333.0,0.1156,15.429897,0.231253,-91.613875,0.83656,0.016032
2025-07-16,sh.600028,5.66792064,5.69744106,5.64824036,5.66792064,76287429.0,0.0804,15.429897,0.231253,-91.613875,0.83656,0.016032
2025-07-17,sh.600028,5.66792064,5.67776078,5.62856008,5.63840022,93167056.0,0.0982,15.349533,0.230048,-91.136719,0.832203,0.016032
2025-07-18,sh.600028,5.6580805,5.73680162,5.64824036,5.72696148,147229551.0,0.1552,15.590625,0.233662,-92.568186,0.845274,0.016032
2025-07-21,sh.600028,5.71712134,5.84504316,5.7072812,5.82536288,204451701.0,0.2156,15.858505,0.237677,-94.158705,0.859797,0.016032
2025-07-22,sh.600028,5.82536288,5.9532847,5.81552274,5.93360442,276282828.0,0.2913,16.153173,0.242093,-95.908275,0.875773,0.016032
2025-07-23,sh.600028,5.96312484,5.98280512,5.91392414,5.92376428,220758883.0,0.2328,16.126385,0.241691,-95.749224,0.874321,0.016032
2025-07-24,sh.600028,5.92376428,5.94344456,5.86472344,5.88440372,180612845.0,0.1904,16.019233,0.240086,-95.113016,0.868512,0.016032
2025-07-25,sh.600028,5.88440372,5.98280512,5.86472344,5.86472344,165650097.0,0.1747,15.965657,0.239283,-94.794912,0.865607,0.016032
2025-07-28,sh.600028,5.86472344,5.87456358,5.77616218,5.78600232,140310308.0,0.1479,15.751353,0.236071,-93.522497,0.853988,0.016032
2025-07-29,sh.600028,5.77616218,5.83520302,5.76632204,5.8056826,100202208.0,0.1057,15.804929,0.236874,-93.840601,0.856893,0.016032
2025-07-30,sh.600028,5.82536288,5.9532847,5.81552274,5.91392414,156049278.0,0.1645,16.099597,0.24129,-95.590172,0.872869,0.016032
2025-07-31,sh.600028,5.94344456,5.96312484,5.8056826,5.91392414,182390721.0,0.1923,16.099597,0.24129,-95.590172,0.872869,0.016032
2025-08-01,sh.600028,5.81552274,5.83520302,5.57935938,5.59903966,408484171.0,0.4307,15.242381,0.228443,-90.500512,0.826393,0.016032
2025-08-04,sh.600028,5.56951924,5.57935938,5.5104784,5.5596791,166090318.0,0.1751,15.135229,0.226837,-89.864304,0.820584,0.016032
2025-08-05,sh.600028,5.5596791,5.62856008,5.5596791,5.61871994,123519813.0,0.1302,15.295957,0.229246,-90.818616,0.829298,0.016032
2025-08-06,sh.600028,5.6088798,5.63840022,5.58919952,5.61871994,99592089.0,0.105,15.295957,0.229246,-90.818616,0.829298,0.016032
2025-08-07,sh.600028,5.61871994,5.64824036,5.58919952,5.63840022,108643433.0,0.1146,15.349533,0.230048,-91.136719,0.832203,0.016032
2025-08-08,sh.600028,5.62856008,5.69744106,5.61871994,5.64824036,99553893.0,0.105,15.376321,0.23045,-91.295771,0.833655,0.016032
2025-08-11,sh.600028,5.64824036,5.66792064,5.58919952,5.58919952,121133853.0,0.1277,15.215593,0.228041,-90.34146,0.824941,0.016032
2025-08-12,sh.600028,5.58919952,5.69744106,5.58919952,5.66792064,152238050.0,0.1605,15.429897,0.231253,-91.613875,0.83656,0.016032
2025-08-13,sh.600028,5.64824036,5.67776078,5.61871994,5.62856008,103922284.0,0.1096,15.322745,0.229647,-90.977668,0.83075,0.016032
2025-08-14,sh.600028,5.63840022,5.66792064,5.58919952,5.59903966,101427356.0,0.1069,15.242381,0.228443,-90.500512,0.826393,0.016032
2025-08-15,sh.600028,5.59903966,5.6088798,5.5596791,5.58919952,131995669.0,0.1392,15.215593,0.228041,-90.34146,0.824941,0.016032
2025-08-18,sh.600028,5.59903966,5.61871994,5.57935938,5.58919952,138623096.0,0.1462,15.215593,0.228041,-90.34146,0.824941,0.016032
2025-08-19,sh.600028,5.59903966,5.59903966,5.56951924,5.57935938,90513095.0,0.0954,15.188805,0.22764,-90.182408,0.823488,0.016032
2025-08-20,sh.600028,5.57935938,5.63840022,5.54983896,5.62856008,142599355.0,0.1504,15.322745,0.229647,-90.977668,0.83075,0.016032
2025-08-21,sh.600028,5.62856008,5.77616218,5.61871994,5.76632204,292798362.0,0.3087,15.697777,0.235268,-93.204394,0.851083,0.016032
2025-08-22,sh.600028,5.73680162,5.76632204,5.66792064,5.73680162,191226250.0,0.2016,19.5844,0.243117,-49.019399,0.854264,0.026082
2025-08-25,sh.600028,5.73680162,5.76632204,5.69744106,5.74664176,169773327.0,0.179,19.617992,0.243534,-49.10348,0.855729,0.026082
2025-08-26,sh.600028,5.74664176,5.78600232,5.7072812,5.72696148,153399090.0,0.1617,19.550807,0.2427,-48.935318,0.852799,0.026082
2025-08-27,sh.600028,5.71712134,5.7564819,5.64824036,5.64824036,157792419.0,0.1664,19.282068,0.239364,-48.262667,0.841076,0.026082
2025-08-28,sh.600028,5.64824036,5.69744106,5.61871994,5.66792064,143979566.0,0.1518,19.349252,0.240198,-48.43083,0.844007,0.026082
2025-08-29,sh.600028,5.66792064,5.74664176,5.6088798,5.61871994,246667876.0,0.2601,19.18129,0.238113,-48.010424,0.83668,0.026082
2025-09-01,sh.600028,5.62856008,5.64824036,5.56951924,5.6088798,138788059.0,0.1463,19.147698,0.237696,-47.926342,0.835215,0.026082
2025-09-02,sh.600028,5.6088798,5.72696148,5.6088798,5.71712134,276373767.0,0.2914,19.517215,0.242283,-48.851237,0.851333,0.026082
2025-09-03,sh.600028,5.72696148,5.74664176,5.63840022,5.6580805,156482298.0,0.165,19.31566,0.239781,-48.346749,0.842541,0.026082
2025-09-04,sh.600028,5.63840022,5.73680162,5.53999882,5.68760092,305151177.0,0.3217,19.416437,0.241032,-48.598993,0.846937,0.026082
2025-09-05,sh.600028,5.64824036,5.67776078,5.56951924,5.59903966,182491077.0,0.1924,19.103444,0.237147,-47.815577,0.833285,0.026082
2025-09-08,sh.600028,5.58919952,5.64824036,5.56951924,5.58919952,143184583.0,0.151,19.069871,0.23673,-47.731543,0.83182,0.026082
2025-09-09,sh.600028,5.6088798,5.62856008,5.54983896,5.56951924,146317778.0,0.1543,19.002723,0.235897,-47.563474,0.828891,0.026082
2025-09-10,sh.600028,5.57935938,5.57935938,5.52031854,5.52031854,184706200.0,0.1948,18.834855,0.233813,-47.143302,0.821569,0.026082
2025-09-11,sh.600028,5.53015868,5.54983896,5.4612777,5.53999882,218933622.0,0.2308,18.902002,0.234646,-47.311371,0.824498,0.026082
2025-09-12,sh.600028,5.55,5.58,5.52,5.53,161464842.0,0.1702,18.566265,0.230478,-46.471027,0.809853,0.026082
2025-09-15,sh.600028,5.53,5.55,5.49,5.52,145637667.0,0.1536,18.532691,0.230062,-46.386992,0.808389,0.026082
2025-09-16,sh.600028,5.52,5.54,5.46,5.48,140601668.0,0.1482,18.398396,0.228395,-46.050855,0.802531,0.026082
2025-09-17,sh.600028,5.49,5.49,5.43,5.49,151049951.0,0.1593,18.43197,0.228811,-46.134889,0.803995,0.026082
2025-09-18,sh.600028,5.48,5.49,5.39,5.4,162547874.0,0.1714,18.129807,0.22506,-45.378579,0.790815,0.026082
2025-09-19,sh.600028,5.39,5.4,5.35,5.36,130703814.0,0.1378,17.995512,0.223393,-45.042442,0.784957,0.026082
2025-09-22,sh.600028,5.36,5.37,5.31,5.32,111487658.0,0.1176,17.861217,0.221726,-44.706304,0.779099,0.026082
2025-09-23,sh.600028,5.32,5.38,5.27,5.36,142495821.0,0.1502,17.995512,0.223393,-45.042442,0.784957,0.026082
2025-09-24,sh.600028,5.36,5.41,5.33,5.36,113385423.0,0.1196,17.995512,0.223393,-45.042442,0.784957,0.026082
2025-09-25,sh.600028,5.36,5.37,5.32,5.35,89457561.0,0.0943,17.961938,0.222976,-44.958407,0.783493,0.026082
2025-09-26,sh.600028,5.36,5.37,5.33,5.35,89379004.0,0.0942,17.961938,0.222976,-44.958407,0.783493,0.026082
2025-09-29,sh.600028,5.35,5.36,5.27,5.31,156882328.0,0.1654,17.827643,0.221309,-44.62227,0.777635,0.026082
2025-09-30,sh.600028,5.3,5.31,5.28,5.29,82918170.0,0.0874,17.760496,0.220476,-44.454201,0.774706,0.026082
2025-10-09,sh.600028,5.29,5.37,5.27,5.36,146386033.0,0.1543,17.995512,0.223393,-45.042442,0.784957,0.026082
2025-10-10,sh.600028,5.34,5.4,5.33,5.37,128243490.0,0.1352,18.029086,0.22381,-45.126476,0.786422,0.026082
2025-10-13,sh.600028,5.3,5.4,5.27,5.36,200336859.0,0.2112,17.995512,0.223393,-45.042442,0.784957,0.026082
2025-10-14,sh.600028,5.36,5.42,5.33,5.42,176925560.0,0.1865,18.196954,0.225894,-45.546648,0.793744,0.026082
2025-10-15,sh.600028,5.41,5.44,5.37,5.39,130582345.0,0.1377,18.096233,0.224644,-45.294545,0.789351,0.026082
2025-10-16,sh.600028,5.39,5.46,5.38,5.45,152596050.0,0.1609,18.297675,0.227144,-45.798751,0.798137,0.026082
2025-10-17,sh.600028,5.44,5.49,5.41,5.41,151270475.0,0.1595,18.16338,0.225477,-45.462614,0.79228,0.026082
2025-10-20,sh.600028,5.43,5.48,5.37,5.47,143991941.0,0.1518,18.364823,0.227978,-45.96682,0.801066,0.026082
2025-10-21,sh.600028,5.47,5.49,5.44,5.46,130529214.0,0.1376,18.331249,0.227561,-45.882786,0.799602,0.026082
2025-10-22,sh.600028,5.46,5.51,5.45,5.5,137824252.0,0.1453,18.465544,0.229228,-46.218923,0.80546,0.026082
2025-10-23,sh.600028,5.5,5.57,5.5,5.56,165957002.0,0.175,18.666986,0.231729,-46.72313,0.814247,0.026082
2025-10-24,sh.600028,5.58,5.58,5.51,5.54,127615562.0,0.1346,18.599839,0.230895,-46.555061,0.811318,0.026082
2025-10-27,sh.600028,5.52,5.63,5.5,5.58,173741909.0,0.1832,18.734134,0.232562,-46.891199,0.817176,0.026082
2025-10-28,sh.600028,5.58,5.6,5.54,5.56,110553485.0,0.1166,18.666986,0.231729,-46.72313,0.814247,0.026082
2025-10-29,sh.600028,5.56,5.56,5.51,5.52,91682050.0,0.0967,18.532691,0.230062,-46.386992,0.808389,0.026082
2025-10-30,sh.600028,5.53,5.58,5.51,5.53,126537344.0,0.1334,18.588411,0.237505,-475.931963,0.806425,0.036325
2025-10-31,sh.600028,5.53,5.53,5.43,5.47,182383232.0,0.1923,18.386728,0.234928,-470.768144,0.797675,0.036325
2025-11-03,sh.600028,5.47,5.59,5.47,5.57,183279445.0,0.1932,18.722866,0.239223,-479.374509,0.812258,0.036325
2025-11-04,sh.600028,5.58,5.62,5.56,5.58,164460085.0,0.1734,18.756479,0.239653,-480.235145,0.813716,0.036325
2025-11-05,sh.600028,5.57,5.58,5.53,5.55,97329478.0,0.1026,18.655638,0.238364,-477.653236,0.809341,0.036325
2025-11-06,sh.600028,5.54,5.6,5.52,5.55,108510670.0,0.1144,18.655638,0.238364,-477.653236,0.809341,0.036325
2025-11-07,sh.600028,5.56,5.63,5.55,5.61,150263959.0,0.1584,18.857321,0.240941,-482.817055,0.818091,0.036325
2025-11-10,sh.600028,5.62,5.68,5.61,5.66,134139159.0,0.1414,19.02539,0.243089,-487.120237,0.825382,0.036325
2025-11-11,sh.600028,5.67,5.69,5.63,5.67,108928811.0,0.1149,19.059003,0.243518,-487.980873,0.82684,0.036325
2025-11-12,sh.600028,5.7,5.74,5.68,5.71,133576020.0,0.1408,19.193458,0.245236,-491.423419,0.832673,0.036325
2025-11-13,sh.600028,5.68,5.71,5.63,5.68,131356815.0,0.1385,19.092617,0.243948,-488.84151,0.828299,0.036325
2025-11-14,sh.600028,5.69,5.74,5.68,5.71,121113729.0,0.1277,19.193458,0.245236,-491.423419,0.832673,0.036325
2025-11-17,sh.600028,5.75,5.8,5.7,5.78,193460629.0,0.204,19.428755,0.248242,-497.447874,0.842881,0.036325
2025-11-18,sh.600028,5.77,5.83,5.76,5.8,140084961.0,0.1477,19.495982,0.249101,-499.169147,0.845798,0.036325
2025-11-19,sh.600028,5.81,6.09,5.79,6.05,429601127.0,0.453,20.336326,0.259839,-520.685059,0.882255,0.036325
2025-11-20,sh.600028,6.0,6.14,6.0,6.05,274194915.0,0.2891,20.336326,0.259839,-520.685059,0.882255,0.036325
2025-11-21,sh.600028,6.05,6.09,5.93,5.97,257512756.0,0.2715,20.067416,0.256403,-513.799967,0.870589,0.036325
2025-11-24,sh.600028,5.99,6.03,5.8,5.84,199472491.0,0.2105,19.615963,0.250634,-502.241096,0.851003,0.036325
2025-11-25,sh.600028,5.85,5.85,5.73,5.8,151352155.0,0.1597,19.481607,0.248918,-498.801088,0.845174,0.036325
2025-11-26,sh.600028,5.8,5.85,5.72,5.74,122869360.0,0.1297,19.280073,0.246343,-493.641077,0.836431,0.036325
2025-11-27,sh.600028,5.73,5.86,5.68,5.81,136740814.0,0.1443,19.515196,0.249347,-499.66109,0.846631,0.036325
2025-11-28,sh.600028,5.8,5.81,5.74,5.78,100999151.0,0.1066,19.414429,0.248059,-497.081085,0.84226,0.036325
2025-12-01,sh.600028,5.77,5.86,5.76,5.85,120924541.0,0.1276,19.649552,0.251064,-503.101098,0.85246,0.036325
2025-12-02,sh.600028,5.85,6.0,5.83,5.98,152403042.0,0.1608,20.086209,0.256643,-514.281122,0.871404,0.036325
2025-12-03,sh.600028,5.94,5.98,5.88,5.95,100927939.0,0.1065,19.985442,0.255355,-511.701117,0.867032,0.036325
2025-12-04,sh.600028,5.96,6.02,5.93,5.97,104172093.0,0.1099,20.05262,0.256214,-513.42112,0.869947,0.036325
2025-12-05,sh.600028,5.97,6.02,5.92,5.96,120227847.0,0.1269,20.019031,0.255784,-512.561118,0.868489,0.036325
2025-12-08,sh.600028,5.96,6.01,5.9,5.96,111802746.0,0.118,20.019031,0.255784,-512.561118,0.868489,0.036325
2025-12-09,sh.600028,5.96,5.97,5.88,5.93,108641752.0,0.1147,19.918264,0.254497,-509.981113,0.864118,0.036325
2025-12-10,sh.600028,5.91,5.93,5.84,5.86,93054792.0,0.0982,19.683141,0.251493,-503.9611,0.853917,0.036325
2025-12-11,sh.600028,5.87,5.88,5.75,5.82,108980748.0,0.115,19.548785,0.249776,-500.521092,0.848089,0.036325
2025-12-12,sh.600028,5.8,5.8,5.73,5.78,150497848.0,0.1588,19.414429,0.248059,-497.081085,0.84226,0.036325
2025-12-15,sh.600028,5.75,5.83,5.72,5.8,96384106.0,0.1017,19.481607,0.248918,-498.801088,0.845174,0.036325
2025-12-16,sh.600028,5.79,5.84,5.68,5.82,143645310.0,0.1516,19.548785,0.249776,-500.521092,0.848089,0.036325
2025-12-17,sh.600028,5.81,5.9,5.78,5.84,118090855.0,0.1246,19.615963,0.250634,-502.241096,0.851003,0.036325
2025-12-18,sh.600028,5.88,5.97,5.82,5.93,112933112.0,0.1192,19.918264,0.254497,-509.981113,0.864118,0.036325
2025-12-19,sh.600028,5.93,5.97,5.87,5.89,117270430.0,0.1238,19.783908,0.25278,-506.541105,0.858289,0.036325
2025-12-22,sh.600028,5.9,5.91,5.83,5.87,119801100.0,0.1264,19.71673,0.251922,-504.821102,0.855375,0.036325
2025-12-23,sh.600028,5.87,5.95,5.83,5.92,147848032.0,0.156,19.884675,0.254068,-509.121111,0.862661,0.036325
2025-12-24,sh.600028,5.9,5.95,5.85,5.91,135937828.0,0.1435,19.851086,0.253639,-508.261109,0.861203,0.036325
2025-12-25,sh.600028,5.91,5.94,5.83,5.85,83280693.0,0.0879,19.649552,0.251064,-503.101098,0.85246,0.036325
2025-12-26,sh.600028,5.85,5.86,5.78,5.79,97182466.0,0.1026,19.448018,0.248489,-497.941087,0.843717,0.036325
2025-12-29,sh.600028,5.79,6.04,5.77,6.0,233593838.0,0.2465,20.153387,0.257501,-516.001126,0.874318,0.036325
2025-12-30,sh.600028,5.99,6.24,5.96,6.16,268997203.0,0.2839,20.663,0.264012,-529.049125,0.896427,0.036325
2025-12-31,sh.600028,6.16,6.25,6.14,6.18,158487987.0,0.1673,20.730088,0.26487,-530.766817,0.899337,0.036325
2026-01-05,sh.600028,6.2,6.25,5.98,6.09,222368832.0,0.2347,20.428194,0.261012,-523.037203,0.88624,0.036325
2026-01-06,sh.600028,6.1,6.22,6.01,6.18,173076403.0,0.1827,20.730088,0.26487,-530.766817,0.899337,0.036325
2026-01-07,sh.600028,6.14,6.19,6.07,6.1,142285977.0,0.1502,20.461738,0.261441,-523.896049,0.887695,0.036325
2026-01-08,sh.600028,6.12,6.13,6.02,6.07,106491135.0,0.1124,20.361106,0.260155,-521.319511,0.88333,0.036325
2026-01-09,sh.600028,6.68,6.68,6.1,6.16,689393530.0,0.7276,20.663,0.264012,-529.049125,0.896427,0.036325
2026-01-12,sh.600028,6.1,6.1,5.9,5.97,426677033.0,0.4503,20.025668,0.255869,-512.731051,0.868777,0.036325
2026-01-13,sh.600028,5.95,6.02,5.93,5.97,250550702.0,0.2644,20.025668,0.255869,-512.731051,0.868777,0.036325
2026-01-14,sh.600028,5.97,6.02,5.93,5.97,252427837.0,0.2664,20.025668,0.255869,-512.731051,0.868777,0.036325
2026-01-15,sh.600028,5.94,6.01,5.92,5.95,186817390.0,0.1972,19.95858,0.255012,-511.013359,0.865867,0.036325
2026-01-16,sh.600028,5.93,5.95,5.82,5.84,216419112.0,0.2284,19.589598,0.250298,-501.566053,0.849859,0.036325
2026-01-19,sh.600028,5.82,5.94,5.8,5.93,194248992.0,0.205,19.891492,0.254155,-509.295667,0.862956,0.036325
2026-01-20,sh.600028,5.92,6.05,5.9,6.01,227966061.0,0.2406,20.159843,0.257584,-516.166435,0.874598,0.036325
2026-01-21,sh.600028,6.02,6.03,5.93,5.96,204694995.0,0.216,19.992124,0.255441,-511.872205,0.867322,0.036325
2026-01-22,sh.600028,5.98,6.22,5.97,6.21,449046105.0,0.4739,20.83072,0.266155,-533.343355,0.903703,0.036325
2026-01-23,sh.600028,6.21,6.28,6.11,6.15,258408858.0,0.2727,20.629457,0.263584,-528.190279,0.894972,0.036325
2026-01-26,sh.600028,6.18,6.47,6.17,6.38,432197509.0,0.4561,21.400965,0.273441,-547.943736,0.928442,0.036325
2026-01-27,sh.600028,6.39,6.52,6.34,6.37,262942713.0,0.2775,21.367421,0.273013,-547.08489,0.926987,0.036325
2026-01-28,sh.600028,6.43,6.58,6.35,6.4,484459904.0,0.5113,21.468052,0.274299,-549.661428,0.931353,0.036325
2026-01-29,sh.600028,6.45,6.52,6.29,6.44,441549534.0,0.466,21.602228,0.276013,-553.096812,0.937174,0.036325
2026-01-30,sh.600028,6.45,6.59,6.36,6.51,307410985.0,0.3244,21.837035,0.279013,-559.108734,0.94736,0.036325
2026-02-02,sh.600028,6.4,6.57,6.31,6.38,287400006.0,0.3033,21.400965,0.273441,-547.943736,0.928442,0.036325
2026-02-03,sh.600028,6.37,6.39,6.23,6.3,200208026.0,0.2113,21.132614,0.270013,-541.072968,0.9168,0.036325
2026-02-04,sh.600028,6.35,6.54,6.31,6.5,244684603.0,0.2582,21.803491,0.278585,-558.249888,0.945905,0.036325
2026-02-05,sh.600028,6.51,6.57,6.31,6.4,216957947.0,0.229,21.468052,0.274299,-549.661428,0.931353,0.036325
2026-02-06,sh.600028,6.3,6.52,6.3,6.5,221068123.0,0.2333,21.803491,0.278585,-558.249888,0.945905,0.036325
2026-02-09,sh.600028,6.5,6.58,6.45,6.5,162428940.0,0.1714,21.803491,0.278585,-558.249888,0.945905,0.036325
2026-02-10,sh.600028,6.51,6.55,6.44,6.46,164065582.0,0.1732,21.669315,0.27687,-554.814504,0.940084,0.036325
2026-02-11,sh.600028,6.47,6.55,6.4,6.54,166308498.0,0.1755,21.937666,0.280299,-561.685272,0.951726,0.036325
2026-02-12,sh.600028,6.53,6.68,6.49,6.6,186121497.0,0.1964,22.138929,0.282871,-566.838348,0.960457,0.036325
2026-02-13,sh.600028,6.53,6.55,6.34,6.37,231888770.0,0.2447,21.367421,0.273013,-547.08489,0.926987,0.036325
2026-02-24,sh.600028,6.47,6.64,6.47,6.58,237543720.0,0.2507,22.071841,0.282013,-565.120656,0.957547,0.036325
2026-02-25,sh.600028,6.57,6.7,6.5,6.52,238166297.0,0.2514,21.870578,0.279442,-559.96758,0.948815,0.036325
2026-02-26,sh.600028,6.5,6.57,6.46,6.49,135474175.0,0.143,21.769947,0.278156,-557.391042,0.94445,0.036325
2026-02-27,sh.600028,6.5,6.53,6.43,6.46,105662274.0,0.1115,21.669315,0.27687,-554.814504,0.940084,0.036325
2026-03-02,sh.600028,6.8,7.11,6.55,7.11,1088572035.0,1.1489,23.849665,0.304729,-610.639493,1.034675,0.036325
2026-03-03,sh.600028,7.15,7.82,7.15,7.82,1502438208.0,1.5856,26.231277,0.335159,-671.617558,1.137996,0.036325
2026-03-04,sh.600028,8.1,8.11,7.04,7.4,1233814563.0,1.3021,24.822436,0.317158,-635.546026,1.076876,0.036325
2026-03-05,sh.600028,7.25,7.3,6.86,7.03,764715992.0,0.8071,23.581314,0.3013,-603.768725,1.023033,0.036325
2026-03-06,sh.600028,6.94,7.0,6.74,6.88,575186405.0,0.607,23.078156,0.294871,-590.886035,1.001204,0.036325
2026-03-09,sh.600028,7.45,7.45,6.94,7.0,1077922429.0,1.1376,23.480682,0.300014,-601.192187,1.018667,0.036325
2026-03-10,sh.600028,6.5,6.62,6.47,6.56,642551270.0,0.6781,22.004754,0.281156,-563.402964,0.954636,0.036325
2026-03-11,sh.600028,6.5,6.54,6.4,6.51,460143279.0,0.4856,21.837035,0.279013,-559.108734,0.94736,0.036325
2026-03-12,sh.600028,6.56,6.59,6.43,6.46,490966843.0,0.5182,21.669315,0.27687,-554.814504,0.940084,0.036325
2026-03-13,sh.600028,6.49,6.51,6.31,6.33,475963392.0,0.5023,21.233246,0.271299,-543.649506,0.921166,0.036325
2026-03-16,sh.600028,6.35,6.41,6.31,6.33,286421510.0,0.3023,21.233246,0.271299,-543.649506,0.921166,0.036325
2026-03-17,sh.600028,6.3,6.3,6.21,6.25,316249240.0,0.3338,20.964895,0.26787,-536.778739,0.909524,0.036325
