date,code,name
2026/3/1,sz.000012,南  玻A
2026/3/1,sz.000019,深粮控股
2026/3/1,sz.000028,国药一致
2026/3/1,sz.000029,深深房A
2026/3/1,sz.000030,富奥股份
2026/3/1,sz.000035,中国天楹
2026/3/1,sz.000048,京基智农
2026/3/1,sz.000049,德赛电池
2026/3/1,sz.000058,深赛格
2026/3/1,sz.000059,华锦股份
2026/3/1,sz.000061,农 产 品
2026/3/1,sz.000065,北方国际
2026/3/1,sz.000089,深圳机场
2026/3/1,sz.000099,中信海直
2026/3/1,sz.000156,华数传媒
2026/3/1,sz.000403,派林生物
2026/3/1,sz.000420,吉林化纤
2026/3/1,sz.000422,湖北宜化
2026/3/1,sz.000498,山东路桥
2026/3/1,sz.000503,国新健康
2026/3/1,sz.000543,皖能电力
2026/3/1,sz.000550,江铃汽车
2026/3/1,sz.000552,甘肃能化
2026/3/1,sz.000555,神州信息
2026/3/1,sz.000557,西部创业
2026/3/1,sz.000567,海德股份
2026/3/1,sz.000581,威孚高科
2026/3/1,sz.000589,贵州轮胎
2026/3/1,sz.000597,东北制药
2026/3/1,sz.000600,建投能源
2026/3/1,sz.000603,盛达资源
2026/3/1,sz.000612,焦作万方
2026/3/1,sz.000620,盈新发展
2026/3/1,sz.000628,高新发展
2026/3/1,sz.000636,风华高科
2026/3/1,sz.000650,仁和药业
2026/3/1,sz.000672,上峰水泥
2026/3/1,sz.000676,智度股份
2026/3/1,sz.000680,山推股份
2026/3/1,sz.000681,视觉中国
2026/3/1,sz.000682,东方电子
2026/3/1,sz.000685,中山公用
2026/3/1,sz.000686,东北证券
2026/3/1,sz.000688,国城矿业
2026/3/1,sz.000690,宝新能源
2026/3/1,sz.000712,锦龙股份
2026/3/1,sz.000719,中原传媒
2026/3/1,sz.000727,冠捷科技
2026/3/1,sz.000737,北方铜业
2026/3/1,sz.000756,新华制药
2026/3/1,sz.000758,中色股份
2026/3/1,sz.000761,本钢板材
2026/3/1,sz.000762,西藏矿业
2026/3/1,sz.000766,通化金马
2026/3/1,sz.000767,晋控电力
2026/3/1,sz.000778,新兴铸管
2026/3/1,sz.000791,甘肃能源
2026/3/1,sz.000795,英洛华
2026/3/1,sz.000801,四川九洲
2026/3/1,sz.000810,创维数字
2026/3/1,sz.000811,冰轮环境
2026/3/1,sz.000813,德展健康
2026/3/1,sz.000828,东莞控股
2026/3/1,sz.000829,天音控股
2026/3/1,sz.000833,粤桂股份
2026/3/1,sz.000837,秦川机床
2026/3/1,sz.000848,承德露露
2026/3/1,sz.000860,顺鑫农业
2026/3/1,sz.000875,电投绿能
2026/3/1,sz.000880,潍柴重机
2026/3/1,sz.000885,城发环境
2026/3/1,sz.000899,赣能股份
2026/3/1,sz.000901,航天科技
2026/3/1,sz.000902,新洋丰
2026/3/1,sz.000913,钱江摩托
2026/3/1,sz.000917,电广传媒
2026/3/1,sz.000923,河钢资源
2026/3/1,sz.000927,中国铁物
2026/3/1,sz.000928,中钢国际
2026/3/1,sz.000930,中粮科技
2026/3/1,sz.000935,四川双马
2026/3/1,sz.000950,重药控股
2026/3/1,sz.000966,长源电力
2026/3/1,sz.000969,安泰科技
2026/3/1,sz.000970,中科三环
2026/3/1,sz.000990,诚志股份
2026/3/1,sz.001203,大中矿业
2026/3/1,sz.001227,兰州银行
2026/3/1,sz.001236,弘业期货
2026/3/1,sz.001287,中电港
2026/3/1,sz.001301,尚太科技
2026/3/1,sz.001308,康冠科技
2026/3/1,sz.001309,德明利
2026/3/1,sz.001337,四川黄金
2026/3/1,sz.001339,智微智能
2026/3/1,sz.001356,富岭股份
2026/3/1,sz.001914,招商积余
2026/3/1,sz.002003,伟星股份
2026/3/1,sz.002004,华邦健康
2026/3/1,sz.002006,精工科技
2026/3/1,sz.002010,传化智联
2026/3/1,sz.002011,盾安环境
2026/3/1,sz.002015,协鑫能科
2026/3/1,sz.002017,东信和平
2026/3/1,sz.002019,亿帆医药
2026/3/1,sz.002020,京新药业
2026/3/1,sz.002023,海特高新
2026/3/1,sz.002036,联创电子
2026/3/1,sz.002038,双鹭药业
2026/3/1,sz.002041,登海种业
2026/3/1,sz.002043,兔宝宝
2026/3/1,sz.002045,国光电器
2026/3/1,sz.002046,国机精工
2026/3/1,sz.002048,宁波华翔
2026/3/1,sz.002051,中工国际
2026/3/1,sz.002053,云南能投
2026/3/1,sz.002060,广东建工
2026/3/1,sz.002061,浙江交科
2026/3/1,sz.002063,远光软件
2026/3/1,sz.002068,黑猫股份
2026/3/1,sz.002073,软控股份
2026/3/1,sz.002075,沙钢股份
2026/3/1,sz.002077,大港股份
2026/3/1,sz.002079,苏州固锝
2026/3/1,sz.002081,金螳螂
2026/3/1,sz.002091,江苏国泰
2026/3/1,sz.002093,国脉科技
2026/3/1,sz.002096,易普力
2026/3/1,sz.002097,山河智能
2026/3/1,sz.002099,海翔药业
2026/3/1,sz.002100,天康生物
2026/3/1,sz.002101,广东鸿图
2026/3/1,sz.002104,恒宝股份
2026/3/1,sz.002110,三钢闽光
2026/3/1,sz.002123,梦网科技
2026/3/1,sz.002125,湘潭电化
2026/3/1,sz.002127,南极电商
2026/3/1,sz.002139,拓邦股份
2026/3/1,sz.002145,钛能化学
2026/3/1,sz.002149,西部材料
2026/3/1,sz.002151,北斗星通
2026/3/1,sz.002158,汉钟精机
2026/3/1,sz.002163,海南发展
2026/3/1,sz.002170,芭田股份
2026/3/1,sz.002171,楚江新材
2026/3/1,sz.002174,游族网络
2026/3/1,sz.002176,江特电机
2026/3/1,sz.002182,宝武镁业
2026/3/1,sz.002183,怡亚通
2026/3/1,sz.002192,融捷股份
2026/3/1,sz.002194,武汉凡谷
2026/3/1,sz.002204,大连重工
2026/3/1,sz.002212,天融信
2026/3/1,sz.002215,诺普信
2026/3/1,sz.002216,三全食品
2026/3/1,sz.002219,新里程
2026/3/1,sz.002221,东华能源
2026/3/1,sz.002222,福晶科技
2026/3/1,sz.002226,江南化工
2026/3/1,sz.002233,塔牌集团
2026/3/1,sz.002237,恒邦股份
2026/3/1,sz.002239,奥特佳
2026/3/1,sz.002242,九阳股份
2026/3/1,sz.002243,力合科创
2026/3/1,sz.002245,蔚蓝锂芯
2026/3/1,sz.002249,大洋电机
2026/3/1,sz.002251,步步高
2026/3/1,sz.002254,泰和新材
2026/3/1,sz.002258,利尔化学
2026/3/1,sz.002267,陕天然气
2026/3/1,sz.002268,电科网安
2026/3/1,sz.002270,华明装备
2026/3/1,sz.002275,桂林三金
2026/3/1,sz.002276,万马股份
2026/3/1,sz.002287,奇正藏药
2026/3/1,sz.002292,奥飞娱乐
2026/3/1,sz.002302,西部建设
2026/3/1,sz.002315,焦点科技
2026/3/1,sz.002317,众生药业
2026/3/1,sz.002320,海峡股份
2026/3/1,sz.002324,普利特
2026/3/1,sz.002326,永太科技
2026/3/1,sz.002332,仙琚制药
2026/3/1,sz.002338,奥普光电
2026/3/1,sz.002345,潮宏基
2026/3/1,sz.002351,漫步者
2026/3/1,sz.002354,天娱数科
2026/3/1,sz.002364,中恒电气
2026/3/1,sz.002368,太极股份
2026/3/1,sz.002373,千方科技
2026/3/1,sz.002378,章源钨业
2026/3/1,sz.002389,航天彩虹
2026/3/1,sz.002390,信邦制药
2026/3/1,sz.002396,星网锐捷
2026/3/1,sz.002399,海普瑞
2026/3/1,sz.002400,省广集团
2026/3/1,sz.002405,四维图新
2026/3/1,sz.002408,齐翔腾达
2026/3/1,sz.002416,爱施德
2026/3/1,sz.002421,达实智能
2026/3/1,sz.002428,云南锗业
2026/3/1,sz.002434,万里扬
2026/3/1,sz.002456,欧菲光
2026/3/1,sz.002458,益生股份
2026/3/1,sz.002468,申通快递
2026/3/1,sz.002484,江海股份
2026/3/1,sz.002487,大金重工
2026/3/1,sz.002488,金固股份
2026/3/1,sz.002489,浙江永强
2026/3/1,sz.002497,雅化集团
2026/3/1,sz.002498,汉缆股份
2026/3/1,sz.002506,协鑫集成
2026/3/1,sz.002507,涪陵榨菜
2026/3/1,sz.002511,中顺洁柔
2026/3/1,sz.002516,旷达科技
2026/3/1,sz.002518,科士达
2026/3/1,sz.002531,天顺风能
2026/3/1,sz.002534,西子洁能
2026/3/1,sz.002536,飞龙股份
2026/3/1,sz.002537,海联金汇
2026/3/1,sz.002539,云图控股
2026/3/1,sz.002541,鸿路钢构
2026/3/1,sz.002543,万和电气
2026/3/1,sz.002544,普天科技
2026/3/1,sz.002545,东方铁塔
2026/3/1,sz.002550,千红制药
2026/3/1,sz.002557,洽洽食品
2026/3/1,sz.002563,森马服饰
2026/3/1,sz.002572,索菲亚
2026/3/1,sz.002588,史丹利
2026/3/1,sz.002597,金禾实业
2026/3/1,sz.002605,姚记科技
2026/3/1,sz.002611,东方精工
2026/3/1,sz.002612,朗姿股份
2026/3/1,sz.002617,露笑科技
2026/3/1,sz.002626,金达威
2026/3/1,sz.002635,安洁科技
2026/3/1,sz.002643,万润股份
2026/3/1,sz.002649,博彦科技
2026/3/1,sz.002651,利君股份
2026/3/1,sz.002654,万润科技
2026/3/1,sz.002668,TCL智家
2026/3/1,sz.002675,东诚药业
2026/3/1,sz.002681,奋达科技
2026/3/1,sz.002690,美亚光电
2026/3/1,sz.002697,红旗连锁
2026/3/1,sz.002698,博实股份
2026/3/1,sz.002701,奥瑞金
2026/3/1,sz.002705,新宝股份
2026/3/1,sz.002706,良信股份
2026/3/1,sz.002716,湖南白银
2026/3/1,sz.002727,一心堂
2026/3/1,sz.002737,葵花药业
2026/3/1,sz.002745,木林森
2026/3/1,sz.002747,埃斯顿
2026/3/1,sz.002755,奥赛康
2026/3/1,sz.002761,浙江建投
2026/3/1,sz.002777,久远银海
2026/3/1,sz.002779,中坚科技
2026/3/1,sz.002791,坚朗五金
2026/3/1,sz.002807,江阴银行
2026/3/1,sz.002815,崇达技术
2026/3/1,sz.002832,比音勒芬
2026/3/1,sz.002839,张家港行
2026/3/1,sz.002840,华统股份
2026/3/1,sz.002847,盐津铺子
2026/3/1,sz.002859,洁美科技
2026/3/1,sz.002867,周大生
2026/3/1,sz.002881,美格智能
2026/3/1,sz.002882,金龙羽
2026/3/1,sz.002891,中宠股份
2026/3/1,sz.002892,科力尔
2026/3/1,sz.002895,川恒股份
2026/3/1,sz.002896,中大力德
2026/3/1,sz.002897,意华股份
2026/3/1,sz.002901,大博医疗
2026/3/1,sz.002906,华阳集团
2026/3/1,sz.002911,佛燃能源
2026/3/1,sz.002913,奥士康
2026/3/1,sz.002925,盈趣科技
2026/3/1,sz.002928,华夏航空
2026/3/1,sz.002929,润建股份
2026/3/1,sz.002936,郑州银行
2026/3/1,sz.002941,新疆交建
2026/3/1,sz.002946,新乳业
2026/3/1,sz.002947,恒铭达
2026/3/1,sz.002948,青岛银行
2026/3/1,sz.002960,青鸟消防
2026/3/1,sz.002965,祥鑫科技
2026/3/1,sz.002967,广电计量
2026/3/1,sz.002978,安宁股份
2026/3/1,sz.002979,雷赛智能
2026/3/1,sz.002985,北摩高科
2026/3/1,sz.002987,京北方
2026/3/1,sz.002993,奥海科技
2026/3/1,sz.003006,百亚股份
2026/3/1,sz.003012,东鹏控股
2026/3/1,sz.003039,顺控发展
2026/3/1,sz.300007,汉威科技
2026/3/1,sz.300008,天海防务
2026/3/1,sz.300009,安科生物
2026/3/1,sz.300026,红日药业
2026/3/1,sz.300027,华谊兄弟
2026/3/1,sz.300031,宝通科技
2026/3/1,sz.300034,钢研高纳
2026/3/1,sz.300035,中科电气
2026/3/1,sz.300036,超图软件
2026/3/1,sz.300045,华力创通
2026/3/1,sz.300047,天源迪科
2026/3/1,sz.300049,福瑞医科
2026/3/1,sz.300065,海兰信
2026/3/1,sz.300068,南都电源
2026/3/1,sz.300075,数字政通
2026/3/1,sz.300077,国民技术
2026/3/1,sz.300079,数码视讯
2026/3/1,sz.300080,易成新能
2026/3/1,sz.300083,创世纪
2026/3/1,sz.300085,银之杰
2026/3/1,sz.300087,荃银高科
2026/3/1,sz.300088,长信科技
2026/3/1,sz.300098,高新兴
2026/3/1,sz.300101,振芯科技
2026/3/1,sz.300102,乾照光电
2026/3/1,sz.300113,顺网科技
2026/3/1,sz.300119,瑞普生物
2026/3/1,sz.300127,银河磁体
2026/3/1,sz.300130,新国都
2026/3/1,sz.300131,英唐智控
2026/3/1,sz.300133,华策影视
2026/3/1,sz.300134,大富科技
2026/3/1,sz.300151,昌红科技
2026/3/1,sz.300166,东方国信
2026/3/1,sz.300170,汉得信息
2026/3/1,sz.300171,东富龙
2026/3/1,sz.300180,华峰超纤
2026/3/1,sz.300181,佐力药业
2026/3/1,sz.300182,捷成股份
2026/3/1,sz.300183,东软载波
2026/3/1,sz.300184,力源信息
2026/3/1,sz.300185,通裕重工
2026/3/1,sz.300188,国投智能
2026/3/1,sz.300199,翰宇药业
2026/3/1,sz.300224,正海磁材
2026/3/1,sz.300226,上海钢联
2026/3/1,sz.300229,拓尔思
2026/3/1,sz.300232,洲明科技
2026/3/1,sz.300236,上海新阳
2026/3/1,sz.300244,迪安诊断
2026/3/1,sz.300253,卫宁健康
2026/3/1,sz.300257,开山股份
2026/3/1,sz.300260,新莱应材
2026/3/1,sz.300276,三丰智能
2026/3/1,sz.300284,苏交科
2026/3/1,sz.300294,博雅生物
2026/3/1,sz.300296,利亚德
2026/3/1,sz.300298,三诺生物
2026/3/1,sz.300303,聚飞光电
2026/3/1,sz.300315,掌趣科技
2026/3/1,sz.300319,麦捷科技
2026/3/1,sz.300323,华灿光电
2026/3/1,sz.300327,中颖电子
2026/3/1,sz.300337,银邦股份
2026/3/1,sz.300341,麦克奥迪
2026/3/1,sz.300348,长亮科技
2026/3/1,sz.300352,北信源
2026/3/1,sz.300357,我武生物
2026/3/1,sz.300360,炬华科技
2026/3/1,sz.300363,博腾股份
2026/3/1,sz.300378,鼎捷数智
2026/3/1,sz.300398,飞凯材料
2026/3/1,sz.300401,花园生物
2026/3/1,sz.300406,九强生物
2026/3/1,sz.300409,道氏技术
2026/3/1,sz.300415,伊之密
2026/3/1,sz.300416,苏试试验
2026/3/1,sz.300428,立中集团
2026/3/1,sz.300438,鹏辉能源
2026/3/1,sz.300443,金雷股份
2026/3/1,sz.300446,航天智造
2026/3/1,sz.300451,创业慧康
2026/3/1,sz.300455,航天智装
2026/3/1,sz.300456,赛微电子
2026/3/1,sz.300457,赢合科技
2026/3/1,sz.300459,汤姆猫
2026/3/1,sz.300463,迈克生物
2026/3/1,sz.300468,四方精创
2026/3/1,sz.300470,中密控股
2026/3/1,sz.300475,香农芯创
2026/3/1,sz.300482,万孚生物
2026/3/1,sz.300492,华图山鼎
2026/3/1,sz.300493,润欣科技
2026/3/1,sz.300525,博思软件
2026/3/1,sz.300548,长芯博创
2026/3/1,sz.300568,星源材质
2026/3/1,sz.300573,兴齐眼药
2026/3/1,sz.300576,容大感光
2026/3/1,sz.300579,数字认证
2026/3/1,sz.300580,贝斯特
2026/3/1,sz.300593,新雷能
2026/3/1,sz.300595,欧普康视
2026/3/1,sz.300598,诚迈科技
2026/3/1,sz.300602,飞荣达
2026/3/1,sz.300607,拓斯达
2026/3/1,sz.300613,富瀚微
2026/3/1,sz.300618,寒锐钴业
2026/3/1,sz.300620,光库科技
2026/3/1,sz.300624,万兴科技
2026/3/1,sz.300633,开立医疗
2026/3/1,sz.300634,彩讯股份
2026/3/1,sz.300638,广和通
2026/3/1,sz.300641,正丹股份
2026/3/1,sz.300655,晶瑞电材
2026/3/1,sz.300657,弘信电子
2026/3/1,sz.300660,江苏雷利
2026/3/1,sz.300663,科蓝软件
2026/3/1,sz.300666,江丰电子
2026/3/1,sz.300672,国科微
2026/3/1,sz.300674,宇信科技
2026/3/1,sz.300678,中科信息
2026/3/1,sz.300682,朗新科技
2026/3/1,sz.300685,艾德生物
2026/3/1,sz.300687,赛意信息
2026/3/1,sz.300693,盛弘股份
2026/3/1,sz.300702,天宇股份
2026/3/1,sz.300705,九典制药
2026/3/1,sz.300723,一品红
2026/3/1,sz.300725,药石科技
2026/3/1,sz.300726,宏达电子
2026/3/1,sz.300738,奥飞数据
2026/3/1,sz.300747,锐科激光
2026/3/1,sz.300755,华致酒行
2026/3/1,sz.300761,立华股份
2026/3/1,sz.300762,上海瀚讯
2026/3/1,sz.300768,迪普科技
2026/3/1,sz.300770,新媒股份
2026/3/1,sz.300772,运达股份
2026/3/1,sz.300773,拉卡拉
2026/3/1,sz.300775,三角防务
2026/3/1,sz.300776,帝尔激光
2026/3/1,sz.300777,中简科技
2026/3/1,sz.300779,惠城环保
2026/3/1,sz.300783,三只松鼠
2026/3/1,sz.300809,华辰装备
2026/3/1,sz.300811,铂科新材
2026/3/1,sz.300820,英杰电气
2026/3/1,sz.300821,东岳硅材
2026/3/1,sz.300827,上能电气
2026/3/1,sz.300841,康华生物
2026/3/1,sz.300850,新强联
2026/3/1,sz.300855,图南股份
2026/3/1,sz.300856,科思股份
2026/3/1,sz.300861,美畅股份
2026/3/1,sz.300870,欧陆通
2026/3/1,sz.300910,瑞丰新材
2026/3/1,sz.300913,兆龙互连
2026/3/1,sz.300917,特发服务
2026/3/1,sz.300925,法本信息
2026/3/1,sz.300926,博俊科技
2026/3/1,sz.300953,震裕科技
2026/3/1,sz.301000,肇民科技
2026/3/1,sz.301004,嘉益股份
2026/3/1,sz.301015,百洋医药
2026/3/1,sz.301018,申菱环境
2026/3/1,sz.301029,怡合达
2026/3/1,sz.301031,中熔电气
2026/3/1,sz.301035,润丰股份
2026/3/1,sz.301039,中集车辆
2026/3/1,sz.301047,义翘神州
2026/3/1,sz.301050,雷电微力
2026/3/1,sz.301061,匠心家居
2026/3/1,sz.301071,力量钻石
2026/3/1,sz.301078,孩子王
2026/3/1,sz.301087,可孚医疗
2026/3/1,sz.301091,深城交
2026/3/1,sz.301095,广立微
2026/3/1,sz.301101,明月镜片
2026/3/1,sz.301109,军信股份
2026/3/1,sz.301127,武汉天源
2026/3/1,sz.301153,中科江南
2026/3/1,sz.301155,海力风电
2026/3/1,sz.301171,易点天下
2026/3/1,sz.301175,中科环保
2026/3/1,sz.301177,迪阿股份
2026/3/1,sz.301205,联特科技
2026/3/1,sz.301207,华兰疫苗
2026/3/1,sz.301215,中汽股份
2026/3/1,sz.301217,铜冠铜箔
2026/3/1,sz.301219,腾远钴业
2026/3/1,sz.301238,瑞泰新材
2026/3/1,sz.301262,海看股份
2026/3/1,sz.301263,泰恩康
2026/3/1,sz.301267,华厦眼科
2026/3/1,sz.301268,铭利达
2026/3/1,sz.301275,汉朔科技
2026/3/1,sz.301291,明阳电气
2026/3/1,sz.301293,三博脑科
2026/3/1,sz.301297,富乐德
2026/3/1,sz.301316,慧博云通
2026/3/1,sz.301325,曼恩斯特
2026/3/1,sz.301327,华宝新能
2026/3/1,sz.301339,通行宝
2026/3/1,sz.301345,涛涛车业
2026/3/1,sz.301363,美好医疗
2026/3/1,sz.301371,敷尔佳
2026/3/1,sz.301376,致欧科技
2026/3/1,sz.301377,鼎泰高科
2026/3/1,sz.301381,赛维时代
2026/3/1,sz.301392,汇成真空
2026/3/1,sz.301458,钧崴电子
2026/3/1,sz.301487,盟固利
2026/3/1,sz.301500,飞南资源
2026/3/1,sz.301508,中机认检
2026/3/1,sz.301510,固高科技
2026/3/1,sz.301511,德福科技
2026/3/1,sz.301522,上大股份
2026/3/1,sz.301526,国际复材
2026/3/1,sz.301550,斯菱智驱
2026/3/1,sz.301551,无线传媒
2026/3/1,sz.301556,托普云农
2026/3/1,sz.301565,中仑新材
2026/3/1,sz.301571,国科天成
2026/3/1,sz.301589,诺瓦星云
2026/3/1,sz.301592,六九一二
2026/3/1,sz.301600,慧翰股份
2026/3/1,sz.301602,超研股份
2026/3/1,sz.301606,绿联科技
2026/3/1,sz.301622,英思特
2026/3/1,sz.301626,苏州天脉
2026/3/1,sz.301631,壹连科技
2026/3/1,sz.301658,首航新能
2026/3/1,sz.301665,泰禾股份
2026/3/1,sz.301678,新恒汇
2026/3/1,sh.600006,东风股份
2026/3/1,sh.600012,皖通高速
2026/3/1,sh.600017,日照港
2026/3/1,sh.600020,中原高速
2026/3/1,sh.600022,山东钢铁
2026/3/1,sh.600033,福建高速
2026/3/1,sh.600037,歌华有线
2026/3/1,sh.600055,万东医疗
2026/3/1,sh.600056,中国医药
2026/3/1,sh.600057,厦门象屿
2026/3/1,sh.600058,五矿发展
2026/3/1,sh.600059,古越龙山
2026/3/1,sh.600063,皖维高新
2026/3/1,sh.600064,南京高科
2026/3/1,sh.600072,中船科技
2026/3/1,sh.600075,新疆天业
2026/3/1,sh.600094,大名城
2026/3/1,sh.600100,同方股份
2026/3/1,sh.600105,永鼎股份
2026/3/1,sh.600113,浙江东日
2026/3/1,sh.600114,东睦股份
2026/3/1,sh.600116,三峡水利
2026/3/1,sh.600120,浙江东方
2026/3/1,sh.600123,兰花科创
2026/3/1,sh.600125,铁龙物流
2026/3/1,sh.600129,太极集团
2026/3/1,sh.600133,东湖高新
2026/3/1,sh.600151,航天机电
2026/3/1,sh.600155,华创云信
2026/3/1,sh.600158,中体产业
2026/3/1,sh.600163,中闽能源
2026/3/1,sh.600167,联美控股
2026/3/1,sh.600179,安通控股
2026/3/1,sh.600185,珠免集团
2026/3/1,sh.600186,莲花控股
2026/3/1,sh.600197,伊力特
2026/3/1,sh.600201,生物股份
2026/3/1,sh.600206,有研新材
2026/3/1,sh.600210,紫江企业
2026/3/1,sh.600211,西藏药业
2026/3/1,sh.600216,浙江医药
2026/3/1,sh.600217,中再资环
2026/3/1,sh.600223,福瑞达
2026/3/1,sh.600246,万通发展
2026/3/1,sh.600248,陕建股份
2026/3/1,sh.600252,中恒集团
2026/3/1,sh.600258,首旅酒店
2026/3/1,sh.600259,中稀有色
2026/3/1,sh.600266,城建发展
2026/3/1,sh.600267,海正药业
2026/3/1,sh.600269,赣粤高速
2026/3/1,sh.600273,嘉化能源
2026/3/1,sh.600285,羚锐制药
2026/3/1,sh.600292,电投水电
2026/3/1,sh.600301,华锡有色
2026/3/1,sh.600305,恒顺醋业
2026/3/1,sh.600315,上海家化
2026/3/1,sh.600320,振华重工
2026/3/1,sh.600323,瀚蓝环境
2026/3/1,sh.600325,华发股份
2026/3/1,sh.600328,中盐化工
2026/3/1,sh.600330,天通股份
2026/3/1,sh.600331,宏达股份
2026/3/1,sh.600335,国机汽车
2026/3/1,sh.600338,西藏珠峰
2026/3/1,sh.600353,旭光电子
2026/3/1,sh.600361,创新新材
2026/3/1,sh.600366,宁波韵升
2026/3/1,sh.600373,中文传媒
2026/3/1,sh.600388,龙净环保
2026/3/1,sh.600389,江山股份
2026/3/1,sh.600395,盘江股份
2026/3/1,sh.600399,抚顺特钢
2026/3/1,sh.600403,大有能源
2026/3/1,sh.600409,三友化工
2026/3/1,sh.600416,湘电股份
2026/3/1,sh.600420,国药现代
2026/3/1,sh.600422,昆药集团
2026/3/1,sh.600428,中远海特
2026/3/1,sh.600446,金证股份
2026/3/1,sh.600452,涪陵电力
2026/3/1,sh.600456,宝钛股份
2026/3/1,sh.600458,时代新材
2026/3/1,sh.600459,贵研铂业
2026/3/1,sh.600461,洪城环境
2026/3/1,sh.600475,华光环能
2026/3/1,sh.600478,科力远
2026/3/1,sh.600480,凌云股份
2026/3/1,sh.600490,鹏欣资源
2026/3/1,sh.600502,安徽建工
2026/3/1,sh.600507,方大特钢
2026/3/1,sh.600508,上海能源
2026/3/1,sh.600509,天富能源
2026/3/1,sh.600529,山东药玻
2026/3/1,sh.600531,豫光金铅
2026/3/1,sh.600550,保变电气
2026/3/1,sh.600552,凯盛科技
2026/3/1,sh.600556,天下秀
2026/3/1,sh.600557,康缘药业
2026/3/1,sh.600559,老白干酒
2026/3/1,sh.600572,康恩贝
2026/3/1,sh.600575,淮河能源
2026/3/1,sh.600577,精达股份
2026/3/1,sh.600586,金晶科技
2026/3/1,sh.600587,新华医疗
2026/3/1,sh.600595,中孚实业
2026/3/1,sh.600596,新安股份
2026/3/1,sh.600597,光明乳业
2026/3/1,sh.600612,老凤祥
2026/3/1,sh.600618,氯碱化工
2026/3/1,sh.600619,海立股份
2026/3/1,sh.600621,华鑫股份
2026/3/1,sh.600623,华谊集团
2026/3/1,sh.600629,华建集团
2026/3/1,sh.600633,浙数文化
2026/3/1,sh.600635,大众公用
2026/3/1,sh.600639,浦东金桥
2026/3/1,sh.600640,国脉文化
2026/3/1,sh.600641,先导基电
2026/3/1,sh.600643,爱建集团
2026/3/1,sh.600645,中源协和
2026/3/1,sh.600649,城投控股
2026/3/1,sh.600651,飞乐音响
2026/3/1,sh.600654,中安科
2026/3/1,sh.600657,信达地产
2026/3/1,sh.600662,外服控股
2026/3/1,sh.600664,哈药股份
2026/3/1,sh.600667,太极实业
2026/3/1,sh.600675,中华企业
2026/3/1,sh.600682,南京新百
2026/3/1,sh.600686,金龙汽车
2026/3/1,sh.600710,苏美达
2026/3/1,sh.600717,天津港
2026/3/1,sh.600718,东软集团
2026/3/1,sh.600726,华电能源
2026/3/1,sh.600728,佳都科技
2026/3/1,sh.600729,重庆百货
2026/3/1,sh.600740,山西焦化
2026/3/1,sh.600744,华银电力
2026/3/1,sh.600746,江苏索普
2026/3/1,sh.600750,华润江中
2026/3/1,sh.600751,海航科技
2026/3/1,sh.600757,长江传媒
2026/3/1,sh.600759,洲际油气
2026/3/1,sh.600761,安徽合力
2026/3/1,sh.600771,广誉远
2026/3/1,sh.600773,西藏城投
2026/3/1,sh.600776,东方通信
2026/3/1,sh.600782,新钢股份
2026/3/1,sh.600783,鲁信创投
2026/3/1,sh.600787,中储股份
2026/3/1,sh.600789,鲁抗医药
2026/3/1,sh.600810,神马股份
2026/3/1,sh.600812,华北制药
2026/3/1,sh.600821,金开新能
2026/3/1,sh.600827,百联股份
2026/3/1,sh.600835,上海机电
2026/3/1,sh.600850,电科数字
2026/3/1,sh.600859,王府井
2026/3/1,sh.600861,北京人力
2026/3/1,sh.600864,哈投股份
2026/3/1,sh.600866,星湖科技
2026/3/1,sh.600867,通化东宝
2026/3/1,sh.600869,远东股份
2026/3/1,sh.600872,中炬高新
2026/3/1,sh.600877,电科芯片
2026/3/1,sh.600882,妙可蓝多
2026/3/1,sh.600888,新疆众和
2026/3/1,sh.600894,广日股份
2026/3/1,sh.600903,贵州燃气
2026/3/1,sh.600908,无锡银行
2026/3/1,sh.600916,中国黄金
2026/3/1,sh.600928,西安银行
2026/3/1,sh.600929,雪天盐业
2026/3/1,sh.600933,爱柯迪
2026/3/1,sh.600961,株冶集团
2026/3/1,sh.600963,岳阳林纸
2026/3/1,sh.600971,恒源煤电
2026/3/1,sh.600975,新五丰
2026/3/1,sh.600986,浙文互联
2026/3/1,sh.600993,马应龙
2026/3/1,sh.600996,贵广网络
2026/3/1,sh.600997,开滦股份
2026/3/1,sh.601003,柳钢股份
2026/3/1,sh.601020,华钰矿业
2026/3/1,sh.601022,宁波远洋
2026/3/1,sh.601033,永兴股份
2026/3/1,sh.601038,一拖股份
2026/3/1,sh.601068,中铝国际
2026/3/1,sh.601069,西部黄金
2026/3/1,sh.601083,锦江航运
2026/3/1,sh.601089,福元医药
2026/3/1,sh.601096,宏盛华源
2026/3/1,sh.601101,昊华能源
2026/3/1,sh.601107,四川成渝
2026/3/1,sh.601126,四方股份
2026/3/1,sh.601137,博威合金
2026/3/1,sh.601163,三角轮胎
2026/3/1,sh.601187,厦门银行
2026/3/1,sh.601200,上海环境
2026/3/1,sh.601208,东材科技
2026/3/1,sh.601222,林洋能源
2026/3/1,sh.601311,骆驼股份
2026/3/1,sh.601326,秦港股份
2026/3/1,sh.601369,陕鼓动力
2026/3/1,sh.601375,中原证券
2026/3/1,sh.601500,通用股份
2026/3/1,sh.601519,大智慧
2026/3/1,sh.601528,瑞丰银行
2026/3/1,sh.601595,上海电影
2026/3/1,sh.601606,长城军工
2026/3/1,sh.601609,金田股份
2026/3/1,sh.601619,嘉泽新能
2026/3/1,sh.601636,旗滨集团
2026/3/1,sh.601677,明泰铝业
2026/3/1,sh.601678,滨化股份
2026/3/1,sh.601702,华峰铝业
2026/3/1,sh.601718,际华集团
2026/3/1,sh.601777,千里科技
2026/3/1,sh.601778,晶科科技
2026/3/1,sh.601801,皖新传媒
2026/3/1,sh.601811,新华文轩
2026/3/1,sh.601858,中国科传
2026/3/1,sh.601860,紫金银行
2026/3/1,sh.601869,长飞光纤
2026/3/1,sh.601882,海天精工
2026/3/1,sh.601890,亚星锚链
2026/3/1,sh.601900,南方传媒
2026/3/1,sh.601908,京运通
2026/3/1,sh.601949,中国出版
2026/3/1,sh.601952,苏垦农发
2026/3/1,sh.601963,重庆银行
2026/3/1,sh.601969,海南矿业
2026/3/1,sh.601975,招商南油
2026/3/1,sh.603005,晶方科技
2026/3/1,sh.603009,北特科技
2026/3/1,sh.603013,亚普股份
2026/3/1,sh.603014,威高血净
2026/3/1,sh.603025,大豪科技
2026/3/1,sh.603026,石大胜华
2026/3/1,sh.603027,千禾味业
2026/3/1,sh.603033,三维股份
2026/3/1,sh.603039,泛微网络
2026/3/1,sh.603043,广州酒家
2026/3/1,sh.603055,台华新材
2026/3/1,sh.603057,紫燕食品
2026/3/1,sh.603063,禾望电气
2026/3/1,sh.603072,天和磁材
2026/3/1,sh.603083,剑桥科技
2026/3/1,sh.603093,南华期货
2026/3/1,sh.603099,长白山
2026/3/1,sh.603100,川仪股份
2026/3/1,sh.603103,横店影视
2026/3/1,sh.603108,润达医疗
2026/3/1,sh.603118,共进股份
2026/3/1,sh.603119,浙江荣泰
2026/3/1,sh.603127,昭衍新药
2026/3/1,sh.603128,华贸物流
2026/3/1,sh.603162,海通发展
2026/3/1,sh.603169,兰石重装
2026/3/1,sh.603171,税友股份
2026/3/1,sh.603193,润本股份
2026/3/1,sh.603194,中力股份
2026/3/1,sh.603197,保隆科技
2026/3/1,sh.603202,天有为
2026/3/1,sh.603218,日月股份
2026/3/1,sh.603219,富佳股份
2026/3/1,sh.603220,中贝通信
2026/3/1,sh.603227,雪峰科技
2026/3/1,sh.603229,奥翔药业
2026/3/1,sh.603236,移远通信
2026/3/1,sh.603256,宏和科技
2026/3/1,sh.603262,技源集团
2026/3/1,sh.603267,鸿远电子
2026/3/1,sh.603279,景津装备
2026/3/1,sh.603283,赛腾股份
2026/3/1,sh.603297,永新光学
2026/3/1,sh.603299,苏盐井神
2026/3/1,sh.603300,海南华铁
2026/3/1,sh.603305,旭升集团
2026/3/1,sh.603306,华懋科技
2026/3/1,sh.603308,应流股份
2026/3/1,sh.603317,天味食品
2026/3/1,sh.603323,苏农银行
2026/3/1,sh.603327,福蓉科技
2026/3/1,sh.603328,依顿电子
2026/3/1,sh.603337,杰克科技
2026/3/1,sh.603355,莱克电气
2026/3/1,sh.603358,华达科技
2026/3/1,sh.603360,百傲化学
2026/3/1,sh.603383,顶点软件
2026/3/1,sh.603393,新天然气
2026/3/1,sh.603395,红四方
2026/3/1,sh.603456,九洲药业
2026/3/1,sh.603477,巨星农牧
2026/3/1,sh.603496,恒为科技
2026/3/1,sh.603505,金石资源
2026/3/1,sh.603508,思维列控
2026/3/1,sh.603516,淳中科技
2026/3/1,sh.603530,神马电力
2026/3/1,sh.603533,掌阅科技
2026/3/1,sh.603556,海兴电力
2026/3/1,sh.603567,珍宝岛
2026/3/1,sh.603583,捷昌驱动
2026/3/1,sh.603588,高能环境
2026/3/1,sh.603599,广信股份
2026/3/1,sh.603612,索通发展
2026/3/1,sh.603613,国联股份
2026/3/1,sh.603619,中曼石油
2026/3/1,sh.603638,艾迪精密
2026/3/1,sh.603662,柯力传感
2026/3/1,sh.603663,三祥新材
2026/3/1,sh.603667,五洲新春
2026/3/1,sh.603678,火炬电子
2026/3/1,sh.603690,至纯科技
2026/3/1,sh.603693,江苏新能
2026/3/1,sh.603698,航天工程
2026/3/1,sh.603713,密尔克卫
2026/3/1,sh.603730,岱美股份
2026/3/1,sh.603733,仙鹤股份
2026/3/1,sh.603809,豪能股份
2026/3/1,sh.603826,坤彩科技
2026/3/1,sh.603866,桃李面包
2026/3/1,sh.603871,嘉友国际
2026/3/1,sh.603876,鼎胜新材
2026/3/1,sh.603881,数据港
2026/3/1,sh.603883,老百姓
2026/3/1,sh.603887,城地香江
2026/3/1,sh.603888,新华网
2026/3/1,sh.603915,国茂股份
2026/3/1,sh.603919,金徽酒
2026/3/1,sh.603983,丸美生物
2026/3/1,sh.603997,继峰股份
2026/3/1,sh.605009,豪悦护理
2026/3/1,sh.605011,杭州热电
2026/3/1,sh.605020,永和股份
2026/3/1,sh.605090,九丰能源
2026/3/1,sh.605099,共创草坪
2026/3/1,sh.605111,新洁能
2026/3/1,sh.605116,奥锐特
2026/3/1,sh.605118,力鼎光电
2026/3/1,sh.605123,派克新材
2026/3/1,sh.605198,安德利
2026/3/1,sh.605296,神农集团
2026/3/1,sh.605333,沪光股份
2026/3/1,sh.605376,博迁新材
2026/3/1,sh.605507,国邦医药
2026/3/1,sh.605555,德昌股份
2026/3/1,sh.605599,菜百股份
2026/3/1,sh.688001,华兴源创
2026/3/1,sh.688003,天准科技
2026/3/1,sh.688005,容百科技
2026/3/1,sh.688006,杭可科技
2026/3/1,sh.688007,光峰科技
2026/3/1,sh.688016,心脉医疗
2026/3/1,sh.688029,南微医学
2026/3/1,sh.688032,禾迈股份
2026/3/1,sh.688048,长光华芯
2026/3/1,sh.688050,爱博医疗
2026/3/1,sh.688062,迈威生物
2026/3/1,sh.688063,派能科技
2026/3/1,sh.688068,热景生物
2026/3/1,sh.688083,中望软件
2026/3/1,sh.688088,虹软科技
2026/3/1,sh.688091,上海谊众
2026/3/1,sh.688097,博众精工
2026/3/1,sh.688106,金宏气体
2026/3/1,sh.688107,安路科技
2026/3/1,sh.688110,东芯股份
2026/3/1,sh.688116,天奈科技
2026/3/1,sh.688123,聚辰股份
2026/3/1,sh.688127,蓝特光学
2026/3/1,sh.688128,中国电研
2026/3/1,sh.688131,皓元医药
2026/3/1,sh.688139,海尔生物
2026/3/1,sh.688141,杰华特
2026/3/1,sh.688146,中船特气
2026/3/1,sh.688147,微导纳米
2026/3/1,sh.688150,莱特光电
2026/3/1,sh.688153,唯捷创芯
2026/3/1,sh.688158,优刻得
2026/3/1,sh.688165,埃夫特
2026/3/1,sh.688177,百奥泰
2026/3/1,sh.688182,灿勤科技
2026/3/1,sh.688185,康希诺
2026/3/1,sh.688190,云路股份
2026/3/1,sh.688200,华峰测控
2026/3/1,sh.688205,德科立
2026/3/1,sh.688206,概伦电子
2026/3/1,sh.688208,道通科技
2026/3/1,sh.688209,英集芯
2026/3/1,sh.688232,新点软件
2026/3/1,sh.688252,天德钰
2026/3/1,sh.688262,国芯科技
2026/3/1,sh.688270,臻镭科技
2026/3/1,sh.688276,百克生物
2026/3/1,sh.688279,峰岹科技
2026/3/1,sh.688289,圣湘生物
2026/3/1,sh.688300,联瑞新材
2026/3/1,sh.688306,均普智能
2026/3/1,sh.688313,仕佳光子
2026/3/1,sh.688321,微芯生物
2026/3/1,sh.688326,经纬恒润
2026/3/1,sh.688327,云从科技
2026/3/1,sh.688331,荣昌生物
2026/3/1,sh.688332,中科蓝讯
2026/3/1,sh.688333,铂力特
2026/3/1,sh.688337,普源精电
2026/3/1,sh.688343,云天励飞
2026/3/1,sh.688348,昱能科技
2026/3/1,sh.688351,微电生理
2026/3/1,sh.688352,颀中科技
2026/3/1,sh.688362,甬矽电子
2026/3/1,sh.688372,伟测科技
2026/3/1,sh.688380,中微半导
2026/3/1,sh.688382,益方生物
2026/3/1,sh.688390,固德威
2026/3/1,sh.688400,凌云光
2026/3/1,sh.688403,汇成股份
2026/3/1,sh.688408,中信博
2026/3/1,sh.688409,富创精密
2026/3/1,sh.688432,有研硅
2026/3/1,sh.688433,华曙高科
2026/3/1,sh.688439,振华风光
2026/3/1,sh.688443,智翔金泰
2026/3/1,sh.688484,南芯科技
2026/3/1,sh.688486,龙迅股份
2026/3/1,sh.688498,源杰科技
2026/3/1,sh.688502,茂莱光学
2026/3/1,sh.688503,聚和材料
2026/3/1,sh.688515,裕太微
2026/3/1,sh.688516,奥特维
2026/3/1,sh.688519,南亚新材
2026/3/1,sh.688522,纳睿雷达
2026/3/1,sh.688523,航天环宇
2026/3/1,sh.688536,思瑞浦
2026/3/1,sh.688543,国科军工
2026/3/1,sh.688548,广钢气体
2026/3/1,sh.688549,中巨芯
2026/3/1,sh.688552,航天南湖
2026/3/1,sh.688559,海目星
2026/3/1,sh.688567,孚能科技
2026/3/1,sh.688575,亚辉龙
2026/3/1,sh.688584,上海合晶
2026/3/1,sh.688586,江航装备
2026/3/1,sh.688591,泰凌微
2026/3/1,sh.688596,正帆科技
2026/3/1,sh.688612,威迈斯
2026/3/1,sh.688630,芯碁微装
2026/3/1,sh.688631,莱斯信息
2026/3/1,sh.688639,华恒生物
2026/3/1,sh.688652,京仪装备
2026/3/1,sh.688658,悦康药业
2026/3/1,sh.688660,电气风电
2026/3/1,sh.688686,奥普特
2026/3/1,sh.688690,纳微科技
2026/3/1,sh.688696,极米科技
2026/3/1,sh.688698,伟创电气
2026/3/1,sh.688700,东威科技
2026/3/1,sh.688717,艾罗能源
2026/3/1,sh.688726,拉普拉斯
2026/3/1,sh.688739,成大生物
2026/3/1,sh.688766,普冉股份
2026/3/1,sh.688776,国光电气
2026/3/1,sh.688779,五矿新能
2026/3/1,sh.688789,宏华数科
2026/3/1,sh.688798,艾为电子
2026/3/1,sh.688800,瑞可达
