date,code,open,high,low,close,volume,turn,peTTM,psTTM,pcfNcfTTM,pbMRQ
2022-09-26,sh.603057,16.19667108,19.43956892,16.19667108,19.43956892,2293366.0,5.4604,31.708277,2.704403,74.45111,6.696365
2022-09-27,sh.603057,21.381744,21.381744,21.381744,21.381744,449353.0,1.0699,34.876198,2.974596,81.889397,7.365388
2022-09-28,sh.603057,23.5199184,23.5199184,23.5199184,23.5199184,532811.0,1.2686,38.363818,3.272056,90.078337,8.101926
2022-09-29,sh.603057,25.87191024,25.87191024,25.87191024,25.87191024,3521259.0,8.384,42.2002,3.599261,99.08617,8.912119
2022-09-30,sh.603057,25.88972836,28.45553764,25.8808193,28.45553764,25760790.0,61.3352,46.414407,3.958691,108.981139,9.802103
2022-10-10,sh.603057,28.4199014,29.0880809,25.84518306,26.20154546,21680975.0,51.6214,42.737874,3.645119,100.348632,9.025669
2022-10-11,sh.603057,26.281727,27.25281454,24.83845928,26.4599082,16825137.0,40.0599,43.159295,3.681062,101.338129,9.114667
2022-10-12,sh.603057,26.42427196,28.4644467,26.1480911,27.35972326,16451590.0,39.1705,44.627002,3.806243,104.784308,9.424627
2022-10-13,sh.603057,29.29298928,30.09480468,28.58026448,30.07698656,17574455.0,41.8439,49.059185,4.184265,115.191085,10.360645
2022-10-14,sh.603057,30.18389528,30.79862042,27.06572428,27.5289954,25887583.0,61.6371,44.903105,3.829792,105.432599,9.482937
2022-10-17,sh.603057,26.74499812,27.0835424,25.93427366,26.80736154,14261327.0,33.9555,43.726033,3.7294,102.668832,9.234355
2022-10-18,sh.603057,26.80736154,27.24390548,26.18372734,27.06572428,12748943.0,30.3546,44.147454,3.765343,103.658328,9.323353
2022-10-19,sh.603057,27.3508142,28.30408362,26.88754308,27.76063096,13805558.0,32.8704,45.28093,3.862017,106.319734,9.562728
2022-10-20,sh.603057,27.4399048,28.72280944,26.72718,26.8162706,10479535.0,24.9513,43.740565,3.730639,102.702952,9.237424
2022-10-21,sh.603057,26.09463674,26.45099914,25.22154886,25.72936528,9686953.0,23.0642,41.967692,3.57943,98.540241,8.863017
2022-10-24,sh.603057,25.48882066,25.9253646,25.0344586,25.08791296,5869967.0,13.9761,40.921406,3.490193,96.083559,8.642055
2022-10-25,sh.603057,24.9008227,25.1680945,23.85846268,24.7671868,6221014.0,14.8119,40.398263,3.445574,94.855218,8.531574
2022-10-26,sh.603057,24.945368,25.64918374,24.59791466,24.59791466,7258367.0,17.2818,40.122159,3.422025,94.206927,8.473265
2022-10-27,sh.603057,24.43755158,25.1235492,24.17027978,24.5890056,4865492.0,11.5845,40.107628,3.420785,94.172807,8.470196
2022-10-28,sh.603057,24.82064116,24.91864082,22.13010504,22.13010504,7810877.0,18.5973,36.096865,3.078707,84.755526,7.623176
2022-10-31,sh.603057,22.13010504,22.9408295,21.827197,22.4953765,6077154.0,14.4694,39.761307,3.006425,14.400178,5.131998
2022-11-01,sh.603057,22.57555804,24.74936868,22.11228692,24.4108244,9949149.0,23.6885,43.146923,3.262417,15.626332,5.56898
2022-11-02,sh.603057,24.945368,25.53336596,23.98318952,25.15918544,8405569.0,20.0133,44.469675,3.362433,16.105387,5.739708
2022-11-03,sh.603057,25.14136732,26.31736324,24.7226415,26.08572768,5883718.0,14.0089,46.107369,3.486262,16.698503,5.951086
2022-11-04,sh.603057,25.9253646,27.87644874,25.57791126,27.02117898,8289903.0,19.7379,47.760809,3.611282,17.297322,6.164495
2022-11-07,sh.603057,26.67372564,27.7962672,26.33518136,26.6380894,4217484.0,10.0416,47.083686,3.560083,17.052092,6.077099
2022-11-08,sh.603057,26.8162706,26.89645214,25.44427536,25.87191024,3805795.0,9.0614,45.729439,3.457686,16.56163,5.902306
2022-11-09,sh.603057,26.05009144,26.53118068,25.390821,25.64918374,4480629.0,10.6682,45.335763,3.42792,16.419054,5.851494
2022-11-10,sh.603057,25.36409382,26.66481658,25.36409382,26.45099914,5962033.0,14.1953,46.752998,3.535079,16.932328,6.034417
2022-11-11,sh.603057,27.172633,27.77844908,25.75609246,26.66481658,6994509.0,16.6536,47.130927,3.563655,17.069201,6.083196
2022-11-14,sh.603057,26.45099914,26.87863402,26.02336426,26.281727,3866342.0,9.2056,46.453804,3.512457,16.82397,5.9958
2022-11-15,sh.603057,26.1480911,26.78954342,25.88972836,26.3708176,3091158.0,7.3599,46.611274,3.524363,16.881,6.016125
2022-11-16,sh.603057,26.21936358,27.2171783,26.00554614,26.7717253,3048416.0,7.2581,47.319892,3.577943,17.137637,6.107586
2022-11-17,sh.603057,26.54008974,26.54008974,25.60463844,25.9699099,3059307.0,7.2841,45.902657,3.470783,16.624364,5.924663
2022-11-18,sh.603057,25.80063776,26.34409042,25.38191194,25.46209348,2607994.0,6.2095,45.005075,3.402916,16.29929,5.808812
2022-11-21,sh.603057,25.17700356,25.33736664,24.499915,25.1235492,2655165.0,6.3218,44.406687,3.35767,16.082575,5.731578
2022-11-22,sh.603057,25.04336766,25.2126398,24.40191534,24.44646064,2375445.0,5.6558,43.209911,3.26718,15.649144,5.57711
2022-11-23,sh.603057,24.53555124,25.3462757,24.04555294,24.6780962,3572477.0,8.5059,43.619334,3.298137,15.797423,5.629955
2022-11-24,sh.603057,24.64245996,25.32845758,24.499915,25.2126398,2935406.0,6.9891,44.564158,3.369577,16.139605,5.751903
2022-11-25,sh.603057,25.4353663,25.44427536,24.054462,24.6780962,3745508.0,8.9179,43.619334,3.298137,15.797423,5.629955
2022-11-28,sh.603057,24.21482508,25.20373074,23.8762808,24.89191364,3086899.0,7.3498,43.997264,3.326713,15.934296,5.678734
2022-11-29,sh.603057,24.9008227,26.51336256,24.78500492,26.21936358,5758019.0,13.7096,46.343575,3.504122,16.784049,5.981573
2022-11-30,sh.603057,25.84518306,26.1480911,25.23045792,25.3017304,3238282.0,7.7102,44.721628,3.381484,16.196636,5.772228
2022-12-01,sh.603057,26.4599082,27.83190344,26.39754478,26.57572598,16702331.0,39.7675,46.973457,3.551749,17.01217,6.062872
2022-12-02,sh.603057,26.84299778,27.4844501,26.43318102,27.28845078,11788468.0,28.0678,48.233221,3.647002,17.468414,6.22547
2022-12-05,sh.603057,27.82299438,27.83190344,26.281727,27.3953595,9075592.0,21.6086,48.422185,3.66129,17.53685,6.249859
2022-12-06,sh.603057,26.97663368,29.19498962,26.97663368,27.76954002,8922164.0,21.2432,49.083562,3.711297,17.776378,6.335223
2022-12-07,sh.603057,27.76954002,29.59589732,27.54681352,28.50008294,8696387.0,20.7057,50.37482,3.808932,18.244027,6.501886
2022-12-08,sh.603057,28.1971749,28.74062756,27.89426686,28.31299268,4824444.0,11.4868,50.044132,3.783928,18.124263,6.459204
2022-12-09,sh.603057,27.8853578,28.29517456,27.35972326,27.9744484,6492102.0,15.4574,49.445744,3.738683,17.907548,6.38197
2022-12-12,sh.603057,27.64481318,28.43771952,27.618086,27.86753968,3697898.0,8.8045,49.256779,3.724395,17.839111,6.35758
2022-12-13,sh.603057,27.618086,28.9989903,27.53790446,28.1971749,5544472.0,13.2011,49.83942,3.768449,18.050124,6.432782
2022-12-14,sh.603057,27.76954002,30.18389528,27.76954002,29.4889886,7710441.0,18.3582,52.122743,3.941095,18.877065,6.727491
2022-12-15,sh.603057,29.40880706,29.85426006,28.5980826,28.70499132,5737792.0,13.6614,50.737002,3.836317,18.375197,6.548633
2022-12-16,sh.603057,28.81190004,28.9989903,27.80517626,28.26844738,3663596.0,8.7228,49.965396,3.777975,18.095748,6.449042
2022-12-19,sh.603057,28.03681182,29.23953492,27.3062689,28.23281114,3564861.0,8.4878,49.902408,3.773212,18.072936,6.440912
2022-12-20,sh.603057,28.07244806,28.23281114,27.03008804,27.19936018,3614649.0,8.6063,48.07575,3.635095,17.411383,6.205145
2022-12-21,sh.603057,27.4399048,28.25953832,27.4399048,28.08135712,3847182.0,9.16,49.634708,3.752971,17.975984,6.40636
2022-12-22,sh.603057,28.4199014,29.07917184,27.78735814,28.0189937,5005130.0,11.917,49.524479,3.744636,17.936063,6.392133
2022-12-23,sh.603057,27.93881216,28.6426279,27.4844501,27.8408125,3153665.0,7.5087,49.209538,3.720823,17.822002,6.351483
2022-12-26,sh.603057,27.96553934,29.59589732,27.76954002,28.83862722,4463114.0,10.6265,50.973208,3.854177,18.460743,6.57912
2022-12-27,sh.603057,28.6426279,29.2217168,28.23281114,29.2217168,3789636.0,9.0229,51.650331,3.905376,18.705974,6.666517
2022-12-28,sh.603057,28.74062756,29.87207818,28.3753561,28.47335576,4767044.0,11.3501,50.327579,3.80536,18.226918,6.495789
2022-12-29,sh.603057,28.67826414,28.6871732,27.77844908,28.21499302,3725211.0,8.8696,49.870914,3.770831,18.06153,6.436847
2022-12-30,sh.603057,28.30408362,28.40208328,27.53790446,28.03681182,2598424.0,6.1867,49.555973,3.747017,17.947469,6.396198
2023-01-03,sh.603057,28.04572088,28.30408362,27.19936018,27.71608566,2626947.0,6.2546,48.989079,3.704153,17.74216,6.323028
2023-01-04,sh.603057,27.618086,27.89426686,27.19936018,27.50226822,2185341.0,5.2032,48.61115,3.675578,17.605287,6.274249
2023-01-05,sh.603057,27.50226822,27.86753968,27.1280877,27.8408125,2748819.0,6.5448,49.209538,3.720823,17.822002,6.351483
2023-01-06,sh.603057,27.7962672,27.7962672,26.78954342,27.18154206,3084659.0,7.3444,48.044256,3.632714,17.399977,6.20108
2023-01-09,sh.603057,26.9499065,27.44881386,26.8608159,27.20826924,1799278.0,4.284,48.091497,3.636286,17.417086,6.207177
2023-01-10,sh.603057,27.1280877,27.4399048,26.75390718,26.78954342,1793525.0,4.2703,47.351386,3.580324,17.149043,6.111651
2023-01-11,sh.603057,26.65590752,26.93208838,26.281727,26.49554444,2067474.0,4.9226,46.831733,3.541033,16.960843,6.044579
2023-01-12,sh.603057,26.4599082,26.62027128,25.5690022,25.71154716,2831787.0,6.7424,45.445993,3.436254,16.458975,5.865722
2023-01-13,sh.603057,25.56009314,26.0590005,25.51554784,25.93427366,1997078.0,4.7549,45.839669,3.466021,16.601551,5.916533
2023-01-16,sh.603057,25.7471834,26.8608159,25.7471834,26.16590922,2408567.0,5.7347,46.249092,3.496978,16.749831,5.969378
2023-01-17,sh.603057,26.16590922,26.40645384,25.9253646,26.21936358,1172577.0,2.7919,46.343575,3.504122,16.784049,5.981573
2023-01-18,sh.603057,26.21936358,26.3708176,25.836274,25.9253646,1426227.0,3.3958,45.823922,3.46483,16.595848,5.914501
2023-01-19,sh.603057,25.836274,26.00554614,25.53336596,25.96100084,1269624.0,3.0229,45.88691,3.469593,16.618661,5.922631
2023-01-20,sh.603057,25.9699099,26.33518136,25.60463844,25.77391058,1267839.0,3.0187,45.556222,3.444589,16.498897,5.879949
2023-01-30,sh.603057,25.99663708,26.16590922,25.55118408,25.68481998,2140944.0,5.0975,45.398751,3.432682,16.441866,5.859624
2023-01-31,sh.603057,25.72045622,25.7471834,25.1235492,25.2126398,1893841.0,4.5091,44.564158,3.369577,16.139605,5.751903
2023-02-01,sh.603057,25.26609416,25.39973006,25.01664048,25.23045792,2368375.0,5.639,44.595652,3.371958,16.151011,5.755968
2023-02-02,sh.603057,25.23045792,26.16590922,24.99882236,26.13027298,4231572.0,10.0752,46.186104,3.492215,16.727018,5.961248
2023-02-03,sh.603057,26.29063606,26.29063606,25.55118408,25.81845588,3328388.0,7.9247,45.634957,3.450542,16.527412,5.890111
2023-02-06,sh.603057,25.4353663,25.68481998,25.05227672,25.15918544,2232466.0,5.3154,44.469675,3.362433,16.105387,5.739708
2023-02-07,sh.603057,25.1235492,25.71154716,24.95427706,25.48882066,1807164.0,4.3028,45.052316,3.406488,16.316399,5.81491
2023-02-08,sh.603057,25.4353663,25.9699099,25.4353663,25.8808193,2843155.0,6.7694,45.745187,3.458877,16.567333,5.904339
2023-02-09,sh.603057,25.836274,26.70936188,25.836274,26.21936358,4274423.0,10.1772,46.343575,3.504122,16.784049,5.981573
2023-02-10,sh.603057,26.2371817,27.2617236,26.0144552,27.04790616,4328603.0,10.3062,47.80805,3.614854,17.314432,6.170593
2023-02-13,sh.603057,27.1280877,27.9299031,26.6380894,27.72499472,4574631.0,10.892,49.004826,3.705344,17.747863,6.325061
2023-02-14,sh.603057,27.46663198,28.66935508,27.18154206,28.5980826,4706818.0,11.2067,50.548037,3.822029,18.306761,6.524243
2023-02-15,sh.603057,28.49117388,28.6871732,27.94772122,28.05462994,2724787.0,6.4876,49.587467,3.749399,17.958875,6.400262
2023-02-16,sh.603057,28.21499302,28.5980826,27.4399048,27.4399048,2347044.0,5.5882,48.500921,3.667243,17.565365,6.260022
2023-02-17,sh.603057,27.47554104,28.32190174,27.23499642,27.2617236,1748938.0,4.1641,48.18598,3.64343,17.451305,6.219372
2023-02-20,sh.603057,27.22608736,27.47554104,26.78954342,27.24390548,1490282.0,3.5483,48.154485,3.641048,17.439898,6.215307
2023-02-21,sh.603057,27.43099574,27.55572258,26.92317932,27.22608736,1086508.0,2.5869,48.122991,3.638667,17.428492,6.211242
2023-02-22,sh.603057,26.9499065,27.43099574,26.9499065,27.36863232,977207.0,2.3267,48.374944,3.657718,17.519741,6.243762
2023-02-23,sh.603057,27.36863232,27.8853578,26.72718,27.06572428,1353613.0,3.2229,47.839544,3.617235,17.325838,6.174658
2023-02-24,sh.603057,26.86972496,27.25281454,26.73608906,27.00336086,980661.0,2.3349,47.729315,3.6089,17.285916,6.16043
2023-02-27,sh.603057,27.11026958,27.11026958,26.18372734,26.60245316,1247284.0,2.9697,47.020698,3.555321,17.02928,6.068969
2023-02-28,sh.603057,26.84299778,27.56463164,26.57572598,27.40426856,1671665.0,3.9802,48.437932,3.66248,17.542553,6.251892
2023-03-01,sh.603057,27.3062689,27.85863062,27.01226992,27.46663198,1777749.0,4.2327,48.548162,3.670815,17.582475,6.266119
2023-03-02,sh.603057,27.43099574,27.43099574,26.72718,26.7717253,1331568.0,3.1704,47.319892,3.577943,17.137637,6.107586
2023-03-03,sh.603057,26.8162706,27.16372394,26.0590005,26.17481828,2232708.0,5.316,46.264839,3.498169,16.755534,5.97141
2023-03-06,sh.603057,26.30845418,26.4153629,25.9699099,26.13918204,1332598.0,3.1729,46.201851,3.493406,16.732721,5.96328
2023-03-07,sh.603057,26.00554614,26.15700016,25.24827604,25.31063946,2130351.0,5.0723,44.737375,3.382674,16.202339,5.77426
2023-03-08,sh.603057,25.31063946,25.37300288,24.86518646,25.19482168,1089000.0,2.5929,44.532663,3.367196,16.128199,5.747838
2023-03-09,sh.603057,25.27500322,25.39973006,24.61573278,24.6335509,1633471.0,3.8892,43.540599,3.292184,15.768908,5.619792
2023-03-10,sh.603057,24.499915,24.8117321,24.02773482,24.5444603,1816762.0,4.3256,43.383129,3.280277,15.711877,5.599467
2023-03-13,sh.603057,24.4553697,24.5890056,23.8762808,24.43755158,1824304.0,4.3436,43.194164,3.265989,15.643441,5.575078
2023-03-14,sh.603057,24.51773312,24.91864082,24.06337106,24.60682372,1782226.0,4.2434,43.493358,3.288612,15.751798,5.613695
2023-03-15,sh.603057,24.6780962,25.45318442,24.499915,25.39973006,2021089.0,4.8121,44.894846,3.394581,16.259369,5.794585
2023-03-16,sh.603057,25.18591262,25.29282134,24.5890056,24.7671868,1320600.0,3.1443,43.776805,3.310044,15.854453,5.650279
2023-03-17,sh.603057,24.90973176,25.08791296,24.2326432,24.3662791,1300966.0,3.0975,43.068188,3.256464,15.597816,5.558818
2023-03-20,sh.603057,24.40191534,24.40191534,23.5199184,24.04555294,1211368.0,2.8842,42.501294,3.2136,15.392507,5.485649
2023-03-21,sh.603057,23.8762808,24.64245996,23.8762808,24.25046132,1084137.0,2.5813,42.863476,3.240985,15.523677,5.532396
2023-03-22,sh.603057,24.2326432,24.5444603,23.8317355,24.00100764,1181949.0,2.8142,42.422559,3.207647,15.363992,5.475487
2023-03-23,sh.603057,23.94755328,24.55336936,23.7871902,24.08118918,1309226.0,3.1172,42.564282,3.218363,15.415319,5.493779
2023-03-24,sh.603057,24.09009824,24.2326432,23.12791976,23.23482848,2637671.0,6.2802,41.068312,3.10525,14.87353,5.300694
2023-03-27,sh.603057,23.31501002,23.35955532,22.54883086,22.91410232,2732975.0,6.5071,40.501418,3.062386,14.668221,5.227525
2023-03-28,sh.603057,23.03882916,24.64245996,22.72701206,24.1880979,5267823.0,12.5424,42.753247,3.232651,15.483756,5.518168
2023-03-29,sh.603057,23.8762808,24.31282474,23.61791806,23.85846268,2276799.0,5.421,42.170606,3.188596,15.272743,5.442967
2023-03-30,sh.603057,23.86737174,25.05227672,23.86737174,24.80282304,3066868.0,7.3021,43.839793,3.314807,15.877265,5.658409
2023-03-31,sh.603057,24.5890056,25.2126398,24.55336936,24.79391398,2135100.0,5.0836,43.824046,3.313616,15.871562,5.656377
2023-04-03,sh.603057,24.78500492,24.99882236,23.80500832,24.21482508,3683928.0,8.7713,42.800488,3.236223,15.500865,5.524266
2023-04-04,sh.603057,24.17918884,24.74045962,24.08118918,24.29500662,1690108.0,4.0241,42.942211,3.246939,15.552192,5.542558
2023-04-06,sh.603057,24.29500662,24.7226415,24.04555294,24.2326432,1366449.0,3.2535,42.831982,3.238604,15.512271,5.528331
2023-04-07,sh.603057,24.26827944,24.5890056,24.054462,24.38409722,1233829.0,2.9377,43.099682,3.258845,15.609222,5.562883
2023-04-10,sh.603057,24.38409722,24.38409722,23.37737344,23.5644637,1523144.0,3.6265,41.650953,3.149304,15.084543,5.375895
2023-04-11,sh.603057,23.6980996,23.95646234,23.3862825,23.57337276,1116413.0,2.6581,41.6667,3.150495,15.090246,5.377928
2023-04-12,sh.603057,23.55555464,23.6535543,23.05664728,23.19028318,1307750.0,3.1137,40.989577,3.099297,14.845015,5.290531
2023-04-13,sh.603057,23.17246506,23.2971919,22.9408295,23.10119258,876809.0,2.0876,40.832106,3.08739,14.787985,5.270207
2023-04-14,sh.603057,23.24373754,23.35955532,23.09228352,23.28828284,805749.0,1.9185,41.162794,3.112394,14.907748,5.312889
2023-04-17,sh.603057,23.28828284,23.76937208,23.19028318,23.63573618,1222000.0,2.9095,41.776929,3.15883,15.130167,5.392155
2023-04-18,sh.603057,23.82282644,25.19482168,23.5644637,24.74045962,3025129.0,7.2027,43.729564,3.306472,15.837344,5.644182
2023-04-19,sh.603057,24.66027808,24.74936868,24.07228012,24.499915,1645198.0,3.9171,43.304393,3.274324,15.683362,5.589305
2023-04-20,sh.603057,24.499915,24.70482338,24.054462,24.499915,1322264.0,3.1482,43.304393,3.274324,15.683362,5.589305
2023-04-21,sh.603057,24.74936868,25.4799116,24.43755158,24.83845928,2916252.0,6.9435,43.902781,3.319569,15.900077,5.666539
2023-04-24,sh.603057,25.29282134,25.44427536,22.54883086,23.61791806,3779197.0,8.9981,45.769484,2.956425,79.123806,5.258897
2023-04-25,sh.603057,23.6980996,24.1435526,23.1190107,23.9653714,2228618.0,5.3062,46.442818,2.999919,80.28783,5.336263
2023-04-26,sh.603057,23.8762808,24.19700696,23.5199184,24.06337106,1490500.0,3.5488,46.632733,3.012186,80.616145,5.358084
2023-04-27,sh.603057,24.07228012,25.0344586,23.94755328,24.69591432,1677498.0,3.994,47.858547,3.091366,82.735266,5.498929
2023-04-28,sh.603057,24.70482338,24.90973176,24.34846098,24.6780962,1170591.0,2.7871,47.824017,3.089136,82.675572,5.494962
2023-05-04,sh.603057,24.4553697,24.75827774,24.00100764,24.2771885,1196049.0,2.8477,47.047093,3.038951,81.332467,5.405694
2023-05-05,sh.603057,24.08118918,24.83845928,24.08118918,24.58009654,1218458.0,2.9011,47.634102,3.076868,82.347258,5.473141
2023-05-08,sh.603057,24.52664218,24.52664218,23.79609926,23.88518986,1379479.0,3.2845,46.287433,2.989882,80.019209,5.318409
2023-05-09,sh.603057,23.8317355,23.94755328,23.27046472,23.30610096,1007700.0,2.3993,45.165209,2.917393,78.079169,5.189466
2023-05-10,sh.603057,23.31501002,23.50210028,23.01210198,23.37737344,826865.0,1.9687,45.303329,2.926315,78.317943,5.205336
2023-05-11,sh.603057,23.3417372,24.37518816,23.21701036,24.30391568,1897623.0,4.5182,47.098888,3.042297,81.422008,5.411645
2023-05-12,sh.603057,24.2326432,24.37518816,23.63573618,23.63573618,800500.0,1.906,45.804014,2.958656,79.183499,5.262864
2023-05-15,sh.603057,23.6535543,23.8317355,23.41300968,23.7871902,622182.0,1.4814,46.097518,2.977615,79.690894,5.296588
2023-05-16,sh.603057,23.66246336,23.79609926,23.3417372,23.46646404,720447.0,1.7154,45.475979,2.937467,78.616411,5.225173
2023-05-17,sh.603057,23.45755498,23.45755498,23.17246506,23.24373754,696500.0,1.6583,45.044354,2.909587,77.870241,5.17558
2023-05-18,sh.603057,23.43973686,23.43973686,22.94973856,23.15464694,809331.0,1.927,44.871704,2.898435,77.571773,5.155742
2023-05-19,sh.603057,22.9853748,23.21701036,22.86064796,23.1190107,872831.0,2.0782,44.802644,2.893974,77.452386,5.147807
2023-05-22,sh.603057,23.1190107,23.57337276,22.83392078,23.39519156,1250149.0,2.9765,45.337859,2.928545,78.377636,5.209303
2023-05-23,sh.603057,23.4308278,23.64464524,23.19028318,23.2526466,537700.0,1.2802,45.061619,2.910702,77.900088,5.177563
2023-05-24,sh.603057,23.21701036,23.21701036,22.86064796,22.86064796,788649.0,1.8777,44.30196,2.861633,76.58683,5.090279
2023-05-25,sh.603057,22.8071936,23.01210198,22.64683052,22.9853748,779639.0,1.8563,44.54367,2.877245,77.004685,5.118051
2023-05-26,sh.603057,23.06555634,23.06555634,22.78937548,22.84282984,496100.0,1.1812,44.26743,2.859402,76.527136,5.086311
2023-05-29,sh.603057,22.8519999,23.01719508,22.62256215,22.68680472,582799.0,1.3876,42.679051,2.756803,73.781233,4.903807
2023-05-30,sh.603057,22.68680472,22.86117741,22.29217179,22.81528986,692495.0,1.6488,42.920761,2.772416,74.199088,4.93158
2023-05-31,sh.603057,22.82446737,22.90706496,22.63173966,22.71433725,453531.0,1.0798,42.730846,2.760148,73.870773,4.909758
2023-06-01,sh.603057,22.73269227,23.08143765,22.59502962,22.98048504,809445.0,1.9273,43.23153,2.792489,74.736329,4.967287
2023-06-02,sh.603057,22.98048504,23.29252038,22.87953243,23.28334287,537983.0,1.2809,43.801275,2.829291,75.721273,5.03275
2023-06-05,sh.603057,23.4944256,23.4944256,22.943775,23.09979267,726503.0,1.7298,43.455975,2.806987,75.124338,4.993075
2023-06-06,sh.603057,23.01719508,23.08143765,22.65009468,22.68680472,458800.0,1.0924,42.679051,2.756803,73.781233,4.903807
2023-06-07,sh.603057,22.7602248,22.88870994,22.62256215,22.84282239,399393.0,0.9509,42.972556,2.775761,74.288628,4.937531
2023-06-08,sh.603057,22.84282239,23.10897018,22.52160954,22.55831958,835848.0,1.9901,42.437341,2.74119,73.363378,4.876035
2023-06-09,sh.603057,22.49407701,22.58585211,22.01684649,22.42983444,1191357.0,2.8366,42.195631,2.725577,72.945523,4.848262
2023-06-12,sh.603057,22.42983444,22.80611235,21.7506987,22.71433725,1586507.0,3.7774,42.730846,2.760148,73.870773,4.909758
2023-06-13,sh.603057,22.55831958,22.61338464,22.00766898,22.07191155,1274478.0,3.0345,41.522297,2.682083,71.781499,4.770897
2023-06-14,sh.603057,22.03520151,22.88870994,21.94342641,22.62256215,1234049.0,2.9382,42.558196,2.748996,73.572305,4.889921
2023-06-15,sh.603057,22.55831958,22.75104729,22.35641436,22.75104729,581607.0,1.3848,42.799906,2.764609,73.99016,4.917693
2023-06-16,sh.603057,22.75104729,22.87035492,22.54914207,22.6684497,522900.0,1.245,42.644521,2.754572,73.721539,4.89984
2023-06-19,sh.603057,22.53996456,22.93459749,22.36559187,22.73269227,872597.0,2.0776,42.765376,2.762379,73.930467,4.913726
2023-06-20,sh.603057,22.73269227,22.7602248,22.3013493,22.37476938,563502.0,1.3417,42.092041,2.718885,72.766442,4.83636
2023-06-21,sh.603057,22.37476938,22.55831958,22.03520151,22.07191155,516831.0,1.2306,41.522297,2.682083,71.781499,4.770897
2023-06-26,sh.603057,21.75987621,21.97095894,21.23675814,21.41113083,804300.0,1.915,40.279217,2.601788,69.632531,4.628067
2023-06-27,sh.603057,21.33771075,22.01684649,21.33771075,21.89753886,536549.0,1.2775,41.194262,2.660894,71.21441,4.733205
2023-06-28,sh.603057,21.96178143,22.64091717,21.64056858,22.19121918,955742.0,2.2756,41.746741,2.696581,72.169507,4.796685
2023-06-29,sh.603057,22.18204167,23.57702319,22.026024,23.19156777,2094699.0,4.9874,43.628625,2.818139,75.422805,5.012913
2023-06-30,sh.603057,23.17321275,23.66879829,23.01719508,23.06308263,1008545.0,2.4013,43.386915,2.802526,75.00495,4.985141
2023-07-03,sh.603057,22.95295251,23.36594046,22.93459749,23.27416536,494949.0,1.1785,43.78401,2.828176,75.691426,5.030767
2023-07-04,sh.603057,23.27416536,23.64126576,22.98966255,23.17321275,493088.0,1.174,43.594095,2.815909,75.363112,5.008945
2023-07-05,sh.603057,23.26498785,23.26498785,22.6684497,22.71433725,566100.0,1.3479,42.730846,2.760148,73.870773,4.909758
2023-07-06,sh.603057,22.81528986,22.81528986,22.31970432,22.36559187,599300.0,1.4269,42.074776,2.71777,72.736595,4.834376
2023-07-07,sh.603057,22.36559187,22.38394689,22.1177991,22.25546175,277598.0,0.6609,41.867596,2.704388,72.378434,4.810571
2023-07-10,sh.603057,22.25546175,22.38394689,21.95260392,22.05355653,559500.0,1.3321,41.487767,2.679853,71.721805,4.766929
2023-07-11,sh.603057,22.23710673,22.37476938,22.08108906,22.37476938,386186.0,0.9195,42.092041,2.718885,72.766442,4.83636
2023-07-12,sh.603057,22.45736697,22.45736697,21.91589388,21.98931396,550400.0,1.3105,41.366912,2.672047,71.512878,4.753043
2023-07-13,sh.603057,22.026024,22.29217179,21.81494127,22.24628424,480147.0,1.1432,41.850331,2.703273,72.348587,4.808588
2023-07-14,sh.603057,22.28299428,22.37476938,22.09026657,22.18204167,381902.0,0.9093,41.729476,2.695466,72.13966,4.794701
2023-07-17,sh.603057,22.93459749,24.11849628,22.59502962,23.73304086,3564545.0,8.487,44.647259,2.883937,77.183765,5.129954
2023-07-18,sh.603057,23.59537821,25.11884487,23.55866817,24.37546656,4779995.0,11.3809,45.855809,2.962002,79.27304,5.268815
2023-07-19,sh.603057,24.38464407,24.66914688,24.01754367,24.19191636,2627849.0,6.2568,45.510509,2.939697,78.676104,5.229141
2023-07-20,sh.603057,24.58654929,24.76092198,24.0450762,24.1368513,1368215.0,3.2577,45.406919,2.933006,78.497023,5.217238
2023-07-21,sh.603057,24.19191636,24.779277,23.99918865,24.10931877,1845833.0,4.3948,45.355124,2.92966,78.407483,5.211287
2023-07-24,sh.603057,24.00836616,24.19191636,23.60455572,23.9533011,1020391.0,2.4295,45.061619,2.910702,77.900088,5.177563
2023-07-25,sh.603057,23.9533011,24.24698142,23.74221837,24.07260873,1136149.0,2.7051,45.286064,2.9252,78.288096,5.203352
2023-07-26,sh.603057,24.05425371,24.2286264,23.48524809,23.6779758,1131300.0,2.6936,44.54367,2.877245,77.004685,5.118051
2023-07-27,sh.603057,23.6779758,24.25615893,23.56784568,23.6779758,1087198.0,2.5886,44.54367,2.877245,77.004685,5.118051
2023-07-28,sh.603057,23.61373323,24.06343122,23.44853805,23.93494608,845262.0,2.0125,45.027089,2.908471,77.840394,5.173596
2023-07-31,sh.603057,23.93494608,24.5957268,23.73304086,24.05425371,1647966.0,3.9237,45.251534,2.922969,78.228402,5.199385
2023-08-01,sh.603057,24.0450762,25.02706977,23.6779758,23.77892841,2449756.0,5.8328,44.733584,2.889513,77.332999,5.139872
2023-08-02,sh.603057,23.56784568,24.26533644,23.32923042,24.21027138,2015945.0,4.7999,45.545039,2.941928,78.735798,5.233108
2023-08-03,sh.603057,24.25615893,25.17390993,24.1368513,24.71503443,2984792.0,7.1066,46.494613,3.003264,80.37737,5.342214
2023-08-04,sh.603057,24.62325933,24.74256696,23.76057339,23.88905853,3318818.0,7.9019,44.940764,2.902895,77.69116,5.163677
2023-08-07,sh.603057,23.83399347,23.97165612,23.32005291,23.97165612,1538669.0,3.6635,45.096149,2.912932,77.959781,5.181531
2023-08-08,sh.603057,23.83399347,24.06343122,23.65044327,23.97165612,911544.0,2.1703,45.096149,2.912932,77.959781,5.181531
2023-08-09,sh.603057,23.84317098,23.94412359,23.48524809,23.4944256,854730.0,2.0351,44.19837,2.854941,76.407749,5.078376
2023-08-10,sh.603057,23.56784568,23.9533011,23.51278062,23.85234849,933435.0,2.2225,44.871704,2.898435,77.571773,5.155742
2023-08-11,sh.603057,23.64126576,23.70550833,23.16403524,23.27416536,1393177.0,3.3171,36.576212,2.817205,46.178924,5.475991
2023-08-14,sh.603057,22.943775,23.07226014,22.31052681,22.78775733,1753640.0,4.1753,35.811804,2.758328,45.213828,5.361548
2023-08-15,sh.603057,22.96213002,22.96213002,22.3013493,22.42983444,900400.0,2.1438,35.249315,2.715004,44.503663,5.277335
2023-08-16,sh.603057,22.31052681,22.71433725,22.24628424,22.33805934,643460.0,1.532,35.105087,2.703895,44.321569,5.255742
2023-08-17,sh.603057,22.33805934,22.80611235,22.05355653,22.67762721,661326.0,1.5746,35.638731,2.744998,44.995316,5.335636
2023-08-18,sh.603057,22.5766746,22.83364488,22.34723685,22.37476938,446538.0,1.0632,35.162778,2.708338,44.394407,5.26438
2023-08-21,sh.603057,22.31970432,22.64091717,22.05355653,22.10862159,709419.0,1.6891,34.744517,2.676123,43.866336,5.20176
2023-08-22,sh.603057,22.12697661,22.31970432,21.44784087,21.66810111,1347883.0,3.2092,34.052223,2.6228,42.992286,5.098113
2023-08-23,sh.603057,21.78740874,21.83329629,21.17251557,21.3835983,1120099.0,2.6669,33.605116,2.588363,42.427797,5.031175
2023-08-24,sh.603057,21.21840312,21.5671485,21.05320794,21.36524328,1012036.0,2.4096,33.576271,2.586141,42.391378,5.026856
2023-08-25,sh.603057,21.31017822,21.51208344,20.85130272,20.97061035,744284.0,1.7721,32.95609,2.538373,41.608376,4.934006
2023-08-28,sh.603057,21.74152119,22.2095742,20.67693003,20.91554529,1258447.0,2.9963,32.869554,2.531708,41.499119,4.92105
2023-08-29,sh.603057,20.76870513,21.45701838,20.76870513,21.45701838,716905.0,1.7069,33.720499,2.59725,42.573471,5.048449
2023-08-30,sh.603057,21.45701838,21.86082882,21.34688826,21.51208344,762000.0,1.8143,33.807035,2.603915,42.682727,5.061405
2023-08-31,sh.603057,21.44784087,21.71398866,21.108273,21.30100071,546600.0,1.3014,33.475311,2.578365,42.263912,5.011741
2023-09-01,sh.603057,21.2918232,21.83329629,21.27346818,21.49372842,1158556.0,2.7585,33.77819,2.601693,42.646309,5.057086
2023-09-04,sh.603057,21.52126095,21.87918384,21.36524328,21.76905372,1558849.0,3.7115,34.210874,2.63502,43.192589,5.121866
2023-09-05,sh.603057,21.74152119,21.82411878,21.53043846,21.64056858,820000.0,1.9524,34.008954,2.619468,42.937658,5.091635
2023-09-06,sh.603057,21.4753734,21.7506987,21.2000481,21.31935573,882649.0,2.1015,33.504157,2.580587,42.300331,5.01606
2023-09-07,sh.603057,21.22758063,21.31017822,20.79623766,20.84212521,830991.0,1.9786,32.754171,2.52282,41.353445,4.903776
2023-09-08,sh.603057,20.90636778,20.99814288,20.7411726,20.78706015,397649.0,0.9468,32.667634,2.516155,41.244188,4.89082
2023-09-11,sh.603057,20.91554529,21.4753734,20.5576224,21.42030834,905609.0,2.1562,33.662807,2.592806,42.500634,5.039812
2023-09-12,sh.603057,21.36524328,21.5671485,21.18169308,21.24593565,654047.0,1.5573,33.388774,2.571699,42.154656,4.998785
2023-09-13,sh.603057,21.31935573,21.45701838,20.9247228,21.07156296,666500.0,1.5869,33.114741,2.550593,41.808678,4.957759
2023-09-14,sh.603057,21.07156296,21.20922561,20.68610754,20.7411726,588220.0,1.4005,32.59552,2.510601,41.153142,4.880024
2023-09-15,sh.603057,20.86048023,20.99814288,20.73199509,20.90636778,482100.0,1.1479,32.855131,2.530597,41.48091,4.918891
2023-09-18,sh.603057,20.7411726,21.4753734,20.63104248,21.32853324,1125400.0,2.6795,33.518579,2.581697,42.31854,5.018219
2023-09-19,sh.603057,21.32853324,21.46619589,21.19087059,21.34688826,1057279.0,2.5173,33.547425,2.583919,42.354959,5.022538
2023-09-20,sh.603057,21.108273,21.20922561,20.65857501,20.97978786,836491.0,1.9916,32.970513,2.539484,41.626585,4.936166
2023-09-21,sh.603057,20.99814288,20.99814288,19.92437421,20.190522,1483778.0,3.5328,31.730153,2.443948,40.06058,4.750466
2023-09-22,sh.603057,20.0069718,20.41995975,20.0069718,20.31900714,870478.0,2.0726,31.932072,2.4595,40.315511,4.780696
2023-09-25,sh.603057,20.2822971,20.79623766,20.17216698,20.65857501,1014800.0,2.4162,32.465715,2.500603,40.989257,4.86059
2023-09-26,sh.603057,20.57597742,20.58515493,20.01614931,20.190522,1090349.0,1.602,31.730153,2.443948,40.06058,4.750466
2023-09-27,sh.603057,20.23640955,21.11745051,20.20887702,20.93390031,1503436.0,2.2089,32.898399,2.533929,41.535538,4.925369
2023-09-28,sh.603057,20.96143284,21.31935573,20.53008987,20.68610754,993500.0,1.4597,32.508984,2.503935,41.043886,4.867068
2023-10-09,sh.603057,20.67693003,20.69528505,20.32818465,20.42913726,771800.0,1.134,32.105145,2.472831,40.534024,4.806607
2023-10-10,sh.603057,20.48420232,20.69528505,20.30065212,20.52091236,583800.0,0.8577,32.249373,2.483939,40.716117,4.8282
2023-10-11,sh.603057,20.53926738,20.6493975,20.30065212,20.52091236,1051600.0,1.5451,32.249373,2.483939,40.716117,4.8282
2023-10-12,sh.603057,20.5576224,20.66775252,20.24558706,20.3740722,750026.0,1.102,32.018609,2.466165,40.424767,4.793652
2023-10-13,sh.603057,20.36489469,20.36489469,19.80506658,19.9151967,833300.0,1.2243,31.297469,2.410621,39.5143,4.685686
2023-10-16,sh.603057,20.0069718,20.0069718,19.40125614,19.55727381,743800.0,1.0928,30.73498,2.367297,38.804135,4.601474
2023-10-17,sh.603057,19.67658144,19.71329148,19.39207863,19.63069389,534926.0,0.7859,30.850362,2.376184,38.94981,4.618748
2023-10-18,sh.603057,19.68575895,19.68575895,19.1809959,19.31865855,681300.0,1.001,30.359987,2.338414,38.330692,4.545332
2023-10-19,sh.603057,19.06168827,19.47467622,18.9056706,19.11675333,364100.0,0.535,30.042685,2.313974,37.930086,4.497827
2023-10-20,sh.603057,19.03415574,19.33701357,18.9974457,19.03415574,423273.0,0.6219,29.91288,2.303976,37.766202,4.478393
2023-10-23,sh.603057,18.8138955,19.12593084,18.4467951,18.59363526,765349.0,1.1245,29.220586,2.250654,36.892153,4.374747
2023-10-24,sh.603057,18.76800795,19.07086578,18.6303453,18.9974457,726315.0,1.0671,29.855189,2.299533,37.693364,4.469756
2023-10-25,sh.603057,19.25441598,19.4563212,19.07086578,19.272771,1257649.0,1.8478,30.287873,2.332859,38.239645,4.534535
2023-10-26,sh.603057,19.29112602,19.31865855,18.82307301,19.272771,1527402.0,2.2441,30.287873,2.332859,38.239645,4.534535
2023-10-27,sh.603057,20.18134449,21.2000481,19.92437421,21.2000481,8080741.0,11.8726,28.348806,2.588895,-17.306901,4.58352
2023-10-30,sh.603057,20.8329477,22.09026657,20.78706015,21.54879348,7747284.0,11.3827,28.81515,2.631483,-17.591603,4.65892
2023-10-31,sh.603057,21.6589236,21.87000633,21.17251557,21.80576376,3557239.0,5.2265,29.158772,2.662864,-17.801384,4.714478
2023-11-01,sh.603057,21.97095894,21.97095894,21.42948585,21.4753734,2128666.0,3.1275,28.716972,2.622517,-17.531666,4.643046
2023-11-02,sh.603057,21.49372842,21.6589236,20.75952762,20.87883525,1725612.0,2.5354,27.919279,2.54967,-17.044675,4.514073
2023-11-03,sh.603057,20.88801276,21.31935573,20.59433244,21.18169308,1323500.0,1.9446,28.324262,2.586654,-17.291917,4.579552
2023-11-06,sh.603057,21.2000481,21.24593565,20.53008987,20.75952762,3880074.0,5.7008,27.75974,2.5351,-16.947277,4.488278
2023-11-07,sh.603057,20.65857501,20.89719027,20.35571718,20.7411726,2073144.0,3.046,27.735195,2.532859,-16.932293,4.48431
2023-11-08,sh.603057,20.66775252,20.73199509,20.38324971,20.5576224,1795137.0,2.6375,27.489751,2.510444,-16.78245,4.444625
2023-11-09,sh.603057,20.58515493,20.72281758,20.41995975,20.53926738,1595424.0,2.3441,27.465207,2.508202,-16.767465,4.440657
2023-11-10,sh.603057,20.42913726,20.60350995,20.190522,20.51173485,1409063.0,2.0703,27.42839,2.50484,-16.744989,4.434704
2023-11-13,sh.603057,20.51173485,20.69528505,20.24558706,20.6493975,1533024.0,2.2524,27.612473,2.521651,-16.857371,4.464468
2023-11-14,sh.603057,20.5576224,20.73199509,20.41995975,20.64021999,1520813.0,2.2345,27.600201,2.52053,-16.849879,4.462483
2023-11-15,sh.603057,20.78706015,20.95225533,20.49337983,20.56679991,1458899.0,2.1435,27.502023,2.511565,-16.789942,4.44661
2023-11-16,sh.603057,20.6493975,20.73199509,20.39242722,20.42913726,931075.0,1.368,27.31794,2.494754,-16.677559,4.416847
2023-11-17,sh.603057,20.45666979,20.49337983,20.24558706,20.31900714,1010578.0,1.4848,27.170674,2.481305,-16.587653,4.393036
2023-11-20,sh.603057,20.35571718,20.54844489,20.24558706,20.48420232,1371927.0,2.0157,27.391574,2.501478,-16.722512,4.428752
2023-11-21,sh.603057,20.48420232,20.76870513,20.35571718,20.44749228,1826449.0,2.6835,27.342485,2.496995,-16.692544,4.420815
2023-11-22,sh.603057,20.41078224,20.54844489,20.2822971,20.35571718,1146019.0,1.6838,27.219763,2.485788,-16.617622,4.400973
2023-11-23,sh.603057,20.35571718,21.51208344,20.190522,21.02567541,3699542.0,5.4356,28.115634,2.567601,-17.16455,4.54582
2023-11-24,sh.603057,20.89719027,20.94307782,20.26394208,20.69528505,4529587.0,6.6551,27.673834,2.527255,-16.894832,4.474389
2023-11-27,sh.603057,20.69528505,20.80541517,20.01614931,20.70446256,2995149.0,4.4006,27.686107,2.528376,-16.902324,4.476373
2023-11-28,sh.603057,20.5576224,20.80541517,20.40160473,20.60350995,1780998.0,2.6167,27.551112,2.516048,-16.81991,4.454547
2023-11-29,sh.603057,20.52091236,20.9247228,20.44749228,20.75952762,1991298.0,2.9257,27.75974,2.5351,-16.947277,4.488278
2023-11-30,sh.603057,20.63104248,21.8424738,20.48420232,21.72316617,7448053.0,10.9431,29.048322,2.652777,-17.733954,4.69662
2023-12-01,sh.603057,21.42948585,21.99849147,21.03485292,21.20922561,7027105.0,10.3246,28.361078,2.590016,-17.314393,4.585504
2023-12-04,sh.603057,21.02567541,21.4753734,20.51173485,21.04403043,5173331.0,7.6009,28.140178,2.569843,-17.179534,4.549788
2023-12-05,sh.603057,20.8329477,22.2095742,20.8329477,21.55797099,8582246.0,12.6095,28.827422,2.632604,-17.599096,4.660904
2023-12-06,sh.603057,21.21840312,22.32888183,21.04403043,21.51208344,7520904.0,11.0501,28.766061,2.627,-17.561635,4.650983
2023-12-07,sh.603057,21.42948585,22.00766898,20.81459268,21.74152119,5584046.0,8.2044,29.072866,2.655019,-17.748939,4.700588
2023-12-08,sh.603057,21.4753734,22.00766898,21.33771075,21.64974609,5211175.0,7.6565,28.950144,2.643811,-17.674017,4.680746
2023-12-11,sh.603057,21.2918232,21.49372842,20.6493975,21.3835983,3126802.0,4.5941,28.59425,2.61131,-17.456744,4.623204
2023-12-12,sh.603057,21.18169308,21.50290593,21.06238545,21.27346818,2357744.0,3.4641,28.446984,2.597861,-17.366838,4.599394
2023-12-13,sh.603057,21.108273,21.17251557,20.26394208,20.2822971,3799745.0,5.5828,27.121585,2.476822,-16.557685,4.385099
2023-12-14,sh.603057,20.24558706,20.41078224,19.7316465,19.77753405,3061400.0,4.498,26.446613,2.415181,-16.145616,4.275968
2023-12-15,sh.603057,19.95190674,20.03450433,19.52056377,19.7316465,1946496.0,2.8599,26.385252,2.409578,-16.108155,4.266047
2023-12-18,sh.603057,19.62151638,19.6398714,19.15346337,19.26359349,1679292.0,2.4673,25.75937,2.35242,-15.726054,4.164852
2023-12-19,sh.603057,19.24523847,19.32783606,19.05251076,19.26359349,1308647.0,1.9227,25.75937,2.35242,-15.726054,4.164852
2023-12-20,sh.603057,19.31865855,19.4563212,19.06168827,19.07086578,1115877.0,1.6395,25.501653,2.328885,-15.568719,4.123184
2023-12-21,sh.603057,18.97909068,19.3645461,18.85978305,19.22688345,1094292.0,1.6078,25.710281,2.347937,-15.696086,4.156915
2023-12-22,sh.603057,19.31865855,19.41961116,18.87813807,18.98826819,1423031.0,2.0908,25.391203,2.318798,-15.501289,4.105326
2023-12-25,sh.603057,19.0892208,19.25441598,18.9056706,19.1809959,1400900.0,2.0583,25.64892,2.342334,-15.658625,4.146994
2023-12-26,sh.603057,19.0892208,19.39207863,18.96073566,19.04333325,1064700.0,1.5643,25.464837,2.325523,-15.546242,4.117231
2023-12-27,sh.603057,19.1809959,19.56645132,18.93320313,19.53891879,1595813.0,2.3446,26.127536,2.386042,-15.950819,4.224378
2023-12-28,sh.603057,19.52974128,20.04368184,19.32783606,19.85095413,2074294.0,3.0477,26.544791,2.424147,-16.205553,4.291841
2023-12-29,sh.603057,19.84177662,20.26394208,19.77753405,19.80506658,2119092.0,3.1135,26.48343,2.418544,-16.168092,4.28192
2024-01-02,sh.603057,19.77753405,20.11710192,19.59398385,19.89684168,1960664.0,2.8807,26.606152,2.429751,-16.243014,4.301762
2024-01-03,sh.603057,19.93355172,20.17216698,19.76835654,20.12627943,1587300.0,2.3321,26.912957,2.457769,-16.430318,4.351368
2024-01-04,sh.603057,20.18134449,20.18134449,19.75000152,19.83259911,1110300.0,1.6313,26.520247,2.421906,-16.190568,4.287873
2024-01-05,sh.603057,19.83259911,20.61268746,19.75000152,20.21805453,2364882.0,3.4746,27.035679,2.468977,-16.505239,4.37121
2024-01-08,sh.603057,20.0987469,20.14463445,19.57562883,19.58480634,1529700.0,2.2475,26.188897,2.391646,-15.98828,4.234299
2024-01-09,sh.603057,19.87848666,20.24558706,19.58480634,20.07121437,1750582.0,2.572,26.839324,2.451045,-16.385365,4.339462
2024-01-10,sh.603057,19.98861678,20.66775252,19.77753405,20.57597742,2884218.0,4.2376,27.514296,2.512685,-16.797434,4.448594
2024-01-11,sh.603057,20.5576224,20.8329477,20.23640955,20.6493975,2310416.0,3.3946,27.612473,2.521651,-16.857371,4.464468
2024-01-12,sh.603057,20.51173485,21.3835983,20.40160473,20.91554529,3206910.0,4.7118,27.968367,2.554152,-17.074644,4.52201
2024-01-15,sh.603057,20.82377019,21.61303605,20.72281758,20.96143284,2991516.0,4.3953,28.029729,2.559756,-17.112105,4.531931
2024-01-16,sh.603057,20.86048023,21.108273,20.69528505,21.04403043,1834000.0,2.6946,28.140178,2.569843,-17.179534,4.549788
2024-01-17,sh.603057,21.02567541,21.09909549,20.51173485,20.66775252,1542049.0,2.2657,27.637018,2.523893,-16.872356,4.468436
2024-01-18,sh.603057,20.3740722,20.6493975,19.92437421,20.5576224,1853600.0,2.7234,27.489751,2.510444,-16.78245,4.444625
2024-01-19,sh.603057,20.51173485,20.70446256,20.20887702,20.35571718,1308300.0,1.9222,27.219763,2.485788,-16.617622,4.400973
2024-01-22,sh.603057,19.9151967,20.16298947,19.00662321,19.26359349,2701228.0,3.9688,25.75937,2.35242,-15.726054,4.164852
2024-01-23,sh.603057,19.26359349,19.26359349,18.55692522,18.89649309,1575249.0,2.3144,25.268481,2.307591,-15.426368,4.085484
2024-01-24,sh.603057,18.9056706,19.6398714,18.9056706,19.6398714,1936944.0,2.8459,26.26253,2.39837,-16.033233,4.246205
2024-01-25,sh.603057,19.48385373,19.79588907,18.93320313,19.7316465,2269900.0,3.3351,26.385252,2.409578,-16.108155,4.266047
2024-01-26,sh.603057,19.4563212,19.7316465,18.9974457,19.10757582,2076436.0,3.0508,25.550742,2.333368,-15.598687,4.131121
2024-01-29,sh.603057,18.98826819,19.17181839,18.30913245,18.36419751,1652691.0,2.4282,24.556693,2.242588,-14.991822,3.9704
2024-01-30,sh.603057,17.437269,17.9879196,17.13441117,17.20783125,2784016.0,4.0904,23.010394,2.101376,-14.047809,3.72039
2024-01-31,sh.603057,17.02428105,17.1619437,16.06982001,16.54705053,2399160.0,3.525,22.126795,2.020683,-13.508373,3.577527
2024-02-01,sh.603057,16.41856539,16.95086097,16.26254772,16.73060073,1660902.0,2.4403,22.37224,2.043098,-13.658217,3.617211
2024-02-02,sh.603057,16.73060073,17.02428105,15.71189712,16.38185535,1800258.0,2.645,21.905896,2.00051,-13.373514,3.541811
2024-02-05,sh.603057,16.44609792,16.45527543,15.30808668,15.83120475,1670304.0,2.4541,21.169563,1.933266,-12.923985,3.422758
2024-02-06,sh.603057,15.52834692,16.96003848,15.4182168,16.73977824,2030956.0,2.984,22.384512,2.044219,-13.665709,3.619195
2024-02-07,sh.603057,16.73977824,17.7125943,16.73060073,16.9783935,3202873.0,4.7058,22.703589,2.073358,-13.860505,3.670784
2024-02-08,sh.603057,17.00592603,17.78601438,17.00592603,17.61164169,3074125.0,4.5167,23.550372,2.150688,-14.377465,3.807695
2024-02-19,sh.603057,17.72177181,17.87778948,17.19865374,17.41891398,2302714.0,3.3833,23.292655,2.127153,-14.220129,3.766026
2024-02-20,sh.603057,17.3454939,17.45562402,17.06099109,17.38220394,1244800.0,1.8289,23.243566,2.12267,-14.19016,3.75809
2024-02-21,sh.603057,17.33631639,17.9879196,17.17112121,17.57493165,1800632.0,2.6456,23.501283,2.146205,-14.347496,3.799758
2024-02-22,sh.603057,17.57493165,17.77683687,17.3454939,17.74930434,1338898.0,1.9672,23.734455,2.167499,-14.489847,3.837458
2024-02-23,sh.603057,17.66670675,17.78601438,17.38220394,17.7125943,1374700.0,2.0198,23.685366,2.163016,-14.459878,3.829521
2024-02-26,sh.603057,17.75848185,18.01545213,17.53822161,17.82272442,1423600.0,2.0916,23.832633,2.176465,-14.549784,3.853332
2024-02-27,sh.603057,17.8043694,18.02462964,17.65752924,18.02462964,1287245.0,1.8913,24.102621,2.201121,-14.714612,3.896984
2024-02-28,sh.603057,18.01545213,18.23571237,17.11605615,17.11605615,2523460.0,3.7076,22.887672,2.090169,-13.972888,3.700548
2024-02-29,sh.603057,16.8866184,17.48315655,16.84990836,17.37302643,1967043.0,2.8901,23.231294,2.121549,-14.182668,3.756105
2024-03-01,sh.603057,17.26289631,17.47397904,17.09770113,17.2537188,1931416.0,2.8377,23.071756,2.10698,-14.08527,3.730311
2024-03-04,sh.603057,17.41891398,17.48315655,17.02428105,17.36384892,2371852.0,3.4848,23.219022,2.120428,-14.175176,3.754121
2024-03-05,sh.603057,17.36384892,17.36384892,17.02428105,17.13441117,1322200.0,1.9426,22.912217,2.09241,-13.987872,3.704516
2024-03-06,sh.603057,17.06099109,17.2537188,16.82237583,17.03345856,954000.0,1.4017,22.777222,2.080082,-13.905458,3.68269
2024-03-07,sh.603057,17.02428105,17.13441117,16.7948433,16.7948433,1158754.0,1.7025,22.458145,2.050943,-13.710662,3.6311
2024-03-08,sh.603057,16.86826338,16.96003848,16.55622804,16.69389069,1269298.0,1.8649,22.323151,2.038615,-13.628248,3.609274
2024-03-11,sh.603057,16.71224571,17.1619437,16.519518,17.1619437,1961229.0,2.8815,22.949033,2.095772,-14.010348,3.710469
2024-03-12,sh.603057,17.12523366,17.79519189,17.0701686,17.74930434,2449202.0,3.5985,23.734455,2.167499,-14.489847,3.837458
2024-03-13,sh.603057,17.7125943,17.79519189,17.38220394,17.46480153,1640102.0,2.4097,23.354016,2.132757,-14.25759,3.775947
2024-03-14,sh.603057,17.37302643,17.69423928,17.22618627,17.41891398,1353813.0,1.9891,23.292655,2.127153,-14.220129,3.766026
2024-03-15,sh.603057,17.22618627,17.69423928,17.22618627,17.63917422,1511913.0,2.2214,23.587188,2.15405,-14.399941,3.813647
2024-03-18,sh.603057,17.64835173,17.7125943,17.2537188,17.69423928,1561326.0,2.294,23.660822,2.160775,-14.444894,3.825553
2024-03-19,sh.603057,17.58410916,18.03380715,17.58410916,17.94203205,2019512.0,2.9672,23.992171,2.191035,-14.647182,3.879126
2024-03-20,sh.603057,17.93285454,17.93285454,17.7125943,17.8043694,1358800.0,1.9964,23.808088,2.174224,-14.5348,3.849363
2024-03-21,sh.603057,17.78601438,18.12558225,17.6208192,17.96956458,1233847.0,1.8128,24.028988,2.194397,-14.669659,3.885079
2024-03-22,sh.603057,17.96956458,18.24488988,17.74930434,17.9879196,2028400.0,2.9802,24.053532,2.196638,-14.684643,3.889047
2024-03-25,sh.603057,17.81354691,17.9879196,17.44644651,17.44644651,1656895.0,2.4344,23.329472,2.130515,-14.242606,3.771979
2024-03-26,sh.603057,17.36384892,17.65752924,17.35467141,17.49233406,1134445.0,1.6668,23.390833,2.136119,-14.280066,3.7819
2024-03-27,sh.603057,17.53822161,17.93285454,17.5290441,17.59328667,1904579.0,2.7983,23.525827,2.148447,-14.36248,3.803726
2024-03-28,sh.603057,17.47397904,17.61164169,16.9783935,17.36384892,1543400.0,2.2676,23.219022,2.120428,-14.175176,3.754121
2024-03-29,sh.603057,17.3454939,17.66670675,17.27207382,17.6208192,1086800.0,1.5968,23.562644,2.151809,-14.384957,3.809679
2024-04-01,sh.603057,17.78601438,18.10722723,17.66670675,18.02462964,1704582.0,2.5045,24.102621,2.201121,-14.714612,3.896984
2024-04-02,sh.603057,17.96038707,18.12558225,17.75848185,18.02462964,1190098.0,1.7486,24.102621,2.201121,-14.714612,3.896984
2024-04-03,sh.603057,18.02462964,18.24488988,17.8961445,18.20817984,1305200.0,1.9177,24.348065,2.223536,-14.864455,3.936668
2024-04-08,sh.603057,18.20817984,18.58445775,18.03380715,18.52021518,2567812.0,3.7728,24.765321,2.261641,-15.119189,4.004131
2024-04-09,sh.603057,18.58445775,18.58445775,17.85943446,18.13475976,2545698.0,3.7403,24.249888,2.21457,-14.804518,3.920795
2024-04-10,sh.603057,18.07051719,18.28159992,17.85025695,18.04298466,1459242.0,2.144,24.127166,2.203363,-14.729596,3.900953
2024-04-11,sh.603057,17.9879196,18.30913245,17.85025695,18.09804972,1158000.0,1.7014,24.200799,2.210087,-14.774549,3.912858
2024-04-12,sh.603057,18.02462964,18.16229229,17.79519189,17.79519189,993247.0,1.4593,23.795816,2.173103,-14.527308,3.847379
2024-04-15,sh.603057,17.87778948,17.91449952,16.98757101,17.30878386,1817989.0,2.6711,23.145389,2.113704,-14.130223,3.742216
2024-04-16,sh.603057,17.30878386,17.42809149,16.69389069,16.76731077,1947545.0,2.8614,22.421328,2.047581,-13.688185,3.625148
2024-04-17,sh.603057,16.73977824,17.29042884,16.73977824,17.1619437,1595633.0,2.3444,22.949033,2.095772,-14.010348,3.710469
2024-04-18,sh.603057,17.12523366,18.79554048,17.01510354,18.20817984,4473645.0,6.5729,24.348065,2.223536,-14.864455,3.936668
2024-04-19,sh.603057,17.88696699,18.16229229,17.45562402,17.99709711,3803988.0,5.589,24.065805,2.197759,-14.692135,3.891031
2024-04-22,sh.603057,17.78601438,17.9879196,16.80402081,17.6208192,4091560.0,6.0115,23.205675,2.266782,-482.98648,3.700706
2024-04-23,sh.603057,17.58410916,17.68506177,17.29960635,17.30878386,1444382.0,2.1222,22.794741,2.226641,-474.433594,3.635173
2024-04-24,sh.603057,17.38220394,17.47397904,17.0701686,17.46480153,1368412.0,2.0105,23.000208,2.246712,-478.710037,3.66794
2024-04-25,sh.603057,17.45562402,17.8043694,17.31796137,17.61164169,1430200.0,2.1013,23.193588,2.265601,-482.734924,3.698779
2024-04-26,sh.603057,17.64835173,17.74930434,17.437269,17.66670675,1160200.0,1.7046,23.266106,2.272685,-484.244257,3.710344
2024-04-29,sh.603057,17.74930434,18.12558225,17.67588426,18.02462964,1706400.0,2.5071,23.737471,2.318729,-494.05492,3.785514
2024-04-30,sh.603057,17.9879196,18.1714698,17.94203205,17.99709711,1241200.0,1.8236,23.701213,2.315187,-493.300254,3.779732
2024-05-06,sh.603057,18.21735735,18.35502,18.0796947,18.31830996,1472970.0,2.1642,24.124233,2.356509,-502.104695,3.847193
2024-05-07,sh.603057,18.35502,18.40090755,18.07051719,18.12558225,1330100.0,1.9542,23.870421,2.331716,-496.82203,3.806716
2024-05-08,sh.603057,17.9879196,18.12558225,17.92367703,17.96956458,1002900.0,1.4735,23.664954,2.311645,-492.545587,3.77395
2024-05-09,sh.603057,17.99709711,18.29077743,17.88696699,18.11640474,847900.0,1.2458,23.858334,2.330535,-496.570475,3.804789
2024-05-10,sh.603057,18.2632449,18.2632449,17.84107944,17.8961445,1355200.0,1.9911,23.568263,2.3022,-490.533144,3.75853
2024-05-13,sh.603057,17.85943446,17.8961445,17.51068908,17.69423928,920571.0,1.3525,23.302365,2.276227,-484.998923,3.716126
2024-05-14,sh.603057,17.65752924,18.41008506,17.65752924,18.29077743,1637500.0,2.4059,24.087974,2.352967,-501.350028,3.84141
2024-05-15,sh.603057,18.45597261,18.45597261,17.95120956,17.96038707,884500.0,1.2996,23.652867,2.310465,-492.294032,3.772022
2024-05-16,sh.603057,18.14393727,18.16229229,17.79519189,17.83190193,745900.0,1.0959,23.483659,2.293936,-488.772255,3.745038
2024-05-17,sh.603057,17.83190193,18.20817984,17.67588426,18.02462964,1168400.0,1.7167,23.737471,2.318729,-494.05492,3.785514
2024-05-20,sh.603057,18.13475976,18.46515012,18.07051719,18.39173004,1794800.0,2.637,24.220923,2.365954,-504.117138,3.862612
2024-05-21,sh.603057,18.42844008,18.7221204,18.18064731,18.35502,1350071.0,1.9836,24.172578,2.361231,-503.110916,3.854902
2024-05-22,sh.603057,18.43761759,18.5385702,18.22653486,18.4467951,1216900.0,1.7879,24.293441,2.373037,-505.626471,3.874177
2024-05-23,sh.603057,18.52939269,18.52939269,17.83190193,17.97874209,1528300.0,2.2455,23.67704,2.312826,-492.797143,3.775877
2024-05-24,sh.603057,18.13183375,18.13183375,17.42378325,17.4716245,1549000.0,2.2759,22.069564,2.155804,-459.340267,3.519526
2024-05-27,sh.603057,17.4716245,17.682126,17.32810075,17.567307,785000.0,1.1534,22.190426,2.16761,-461.855821,3.5388
2024-05-28,sh.603057,17.53860225,17.63428475,17.261123,17.3185325,862500.0,1.2672,21.876183,2.136914,-455.315379,3.488687
2024-05-29,sh.603057,17.3185325,17.44291975,17.2037135,17.3185325,798243.0,1.1728,21.876183,2.136914,-455.315379,3.488687
2024-05-30,sh.603057,17.22285,17.3950785,16.98364375,17.0506215,1295800.0,1.9039,21.537767,2.103857,-448.271827,3.434718
2024-05-31,sh.603057,16.9740755,17.21328175,16.878393,17.00278025,863971.0,1.2694,21.477335,2.097954,-447.014049,3.425081
2024-06-03,sh.603057,16.916666,17.146304,16.86882475,16.98364375,1173047.0,1.7235,21.453163,2.095593,-446.510938,3.421226
2024-06-04,sh.603057,17.02191675,17.2037135,16.90709775,17.184577,782698.0,1.15,21.706975,2.120386,-451.793603,3.461702
2024-06-05,sh.603057,17.21328175,17.21328175,16.63918675,16.65832325,1084526.0,1.5934,21.042229,2.055452,-437.958053,3.355693
2024-06-06,sh.603057,16.6678915,16.81141525,15.93113625,16.04595525,1588700.0,2.3342,20.268706,1.979892,-421.858503,3.232336
2024-06-07,sh.603057,16.04595525,16.3617075,16.00768225,16.2851615,705700.0,1.0368,20.570864,2.009408,-428.14739,3.280522
2024-06-11,sh.603057,15.79718075,16.39041225,15.79718075,16.304298,1042784.0,1.5321,20.595036,2.011769,-428.650501,3.284377
2024-06-12,sh.603057,16.23732025,16.5147995,16.227752,16.2468885,609494.0,0.8955,20.522519,2.004685,-427.141168,3.272812
2024-06-13,sh.603057,16.4765265,16.4765265,15.95027275,16.02681875,608294.0,0.8937,20.244534,1.977531,-421.355393,3.228481
2024-06-14,sh.603057,15.959841,16.0937965,15.653657,15.95027275,1023949.0,1.5044,20.147844,1.968086,-419.342949,3.213061
2024-06-17,sh.603057,15.7876125,16.0555235,15.768476,15.921568,559300.0,0.8218,20.111585,1.964544,-418.588282,3.207279
2024-06-18,sh.603057,15.95027275,16.25645675,15.845022,15.87372675,916600.0,1.3467,20.051153,1.958641,-417.330505,3.197642
2024-06-19,sh.603057,15.95027275,15.95027275,15.5962475,15.62495225,755200.0,1.1096,19.73691,1.927945,-410.790063,3.147528
2024-06-20,sh.603057,15.6345205,15.7110665,15.2900635,15.347473,857264.0,1.2595,19.386407,1.893707,-403.494955,3.091632
2024-06-21,sh.603057,15.347473,15.4048825,15.117835,15.156108,912000.0,1.34,19.144682,1.870095,-398.463846,3.053083
2024-06-24,sh.603057,14.9073335,14.91690175,14.38107975,14.428921,1413866.0,2.0773,18.326124,1.790137,-381.426968,2.922544
2024-06-25,sh.603057,14.41935275,14.97431125,14.41935275,14.7925145,1074326.0,1.5785,18.787923,1.835246,-391.038523,2.996189
2024-06-26,sh.603057,14.7925145,15.2900635,14.72553675,15.24222225,848896.0,1.2472,19.359095,1.89104,-402.926499,3.087276
2024-06-27,sh.603057,15.20394925,15.29963175,14.74467325,14.76380975,956208.0,1.4049,18.751465,1.831685,-390.279716,2.990375
2024-06-28,sh.603057,14.84035575,14.97431125,14.54374,14.658559,763696.0,1.1221,18.617786,1.818627,-387.497424,2.969057
2024-07-01,sh.603057,14.735105,14.9456065,14.4480575,14.87862875,958500.0,1.4083,18.897296,1.84593,-393.314944,3.013631
2024-07-02,sh.603057,14.8690605,14.9838795,14.658559,14.735105,534490.0,0.7853,18.715007,1.828124,-389.520909,2.984561
2024-07-03,sh.603057,14.735105,15.003016,14.5628765,14.6776955,707390.0,1.0393,18.642092,1.821001,-388.003295,2.972933
2024-07-04,sh.603057,14.64899075,14.70640025,13.969645,14.09403225,1496300.0,2.1984,17.900783,1.748588,-372.57422,2.854713
2024-07-05,sh.603057,14.084464,14.275829,13.90266725,14.16101,640026.0,0.9404,17.985851,1.756898,-374.34477,2.868279
2024-07-08,sh.603057,14.16101,14.17057825,13.548642,13.57734675,1270900.0,1.8673,17.244542,1.684485,-358.915695,2.75006
2024-07-09,sh.603057,13.57734675,13.82612125,13.30943575,13.71130225,1016003.0,1.4928,17.414679,1.701105,-362.456794,2.777192
2024-07-10,sh.603057,13.76871175,13.99834975,13.42425475,13.80698475,886526.0,1.3025,17.536205,1.712976,-364.98615,2.796572
2024-07-11,sh.603057,13.92180375,14.2949655,13.92180375,14.22798775,876300.0,1.2875,18.070919,1.765208,-376.115319,2.881845
2024-07-12,sh.603057,14.237556,14.314102,13.97921325,14.01748625,1097426.0,1.6124,17.803562,1.739092,-370.550735,2.839209
2024-07-15,sh.603057,13.9122355,14.05575925,13.55821025,13.63475625,1150900.0,1.691,17.317458,1.691608,-360.433309,2.761688
2024-07-16,sh.603057,13.6060515,13.71130225,13.280731,13.357277,1025000.0,1.506,16.965033,1.657182,-353.098175,2.705485
2024-07-17,sh.603057,13.2615945,13.65389275,13.23288975,13.510369,1069100.0,1.5708,17.159474,1.676176,-357.145145,2.736493
2024-07-18,sh.603057,13.4912325,13.69216575,13.357277,13.586915,1122666.0,1.6495,17.256695,1.685672,-359.16863,2.751998
2024-07-19,sh.603057,13.48166425,13.67302925,13.357277,13.586915,924816.0,1.3588,17.256695,1.685672,-359.16863,2.751998
2024-07-22,sh.603057,13.5295055,13.71130225,13.44339125,13.510369,638900.0,0.9387,17.159474,1.676176,-357.145145,2.736493
2024-07-23,sh.603057,13.57734675,13.57734675,12.9936835,13.00325175,1178000.0,1.7308,16.515386,1.61326,-343.739555,2.633778
2024-07-24,sh.603057,12.9936835,13.07979775,12.79275025,12.85015975,1257449.0,1.8475,16.320945,1.594266,-339.692585,2.60277
2024-07-25,sh.603057,12.859728,13.25202625,12.75447725,13.11807075,894000.0,1.3135,16.661218,1.627505,-346.774783,2.657034
2024-07-26,sh.603057,13.204185,13.30943575,13.127639,13.17548025,449349.0,0.6602,16.734133,1.634627,-348.292397,2.668662
2024-07-29,sh.603057,13.06066125,13.23288975,12.90756925,12.92670575,909249.0,1.3359,16.418165,1.603763,-341.71607,2.618274
2024-07-30,sh.603057,12.94584225,13.13720725,12.86929625,13.06066125,685016.0,1.0065,16.588302,1.620382,-345.257169,2.645406
2024-07-31,sh.603057,13.01282,13.663461,12.98411525,13.663461,1325582.0,1.9476,17.353916,1.695169,-361.192115,2.767502
2024-08-01,sh.603057,13.663461,13.8356895,13.44339125,13.4912325,1197000.0,1.7587,17.135169,1.673801,-356.639274,2.732617
2024-08-02,sh.603057,13.472096,13.8739625,13.4146865,13.586915,976365.0,1.4345,17.256695,1.685672,-359.16863,2.751998
2024-08-05,sh.603057,13.586915,13.9505085,13.4529595,13.48166425,1308317.0,1.9222,17.123016,1.672614,-356.386338,2.730679
2024-08-06,sh.603057,13.57734675,13.9122355,13.4912325,13.893099,1180831.0,1.7349,17.645578,1.723659,-367.262571,2.814014
2024-08-07,sh.603057,13.931372,14.01748625,13.5677785,13.67302925,894408.0,1.3141,17.366068,1.696356,-361.445051,2.76944
2024-08-08,sh.603057,13.69216575,14.007918,13.4912325,13.94094025,1007509.0,1.4803,17.706341,1.729595,-368.527249,2.823705
2024-08-09,sh.603057,13.94094025,14.05575925,13.6825975,13.701734,913300.0,1.3419,17.402526,1.699918,-362.203858,2.775254
2024-08-12,sh.603057,13.701734,13.92180375,13.59648325,13.67302925,698100.0,1.0257,17.366068,1.696356,-361.445051,2.76944
2024-08-13,sh.603057,13.65389275,13.701734,13.472096,13.625188,708500.0,1.041,17.305305,1.690421,-360.180373,2.75975
2024-08-14,sh.603057,13.586915,13.65389275,13.39555,13.4529595,638500.0,0.9381,17.086559,1.669053,-355.627531,2.724865
2024-08-15,sh.603057,13.38598175,13.7208705,13.319004,13.4146865,798900.0,1.1738,17.037948,1.664305,-354.615788,2.717113
2024-08-16,sh.603057,13.40511825,13.40511825,13.06066125,13.13720725,1057847.0,1.5542,16.685523,1.629879,-347.280654,2.66091
2024-08-19,sh.603057,13.44339125,14.4480575,13.44339125,14.01748625,4794367.0,7.0441,17.338467,1.748917,-109.202311,3.05885
2024-08-20,sh.603057,14.01748625,14.3332385,13.61561975,13.77828,3550200.0,5.2161,17.042589,1.719072,-107.338791,3.006651
2024-08-21,sh.603057,13.76871175,13.854826,13.57734675,13.84525775,1678679.0,2.4664,17.125434,1.727428,-107.860576,3.021267
2024-08-22,sh.603057,13.76871175,13.90266725,13.4529595,13.59648325,1389400.0,2.0414,16.817721,1.696389,-105.922515,2.96698
2024-08-23,sh.603057,13.586915,13.82612125,13.32857225,13.82612125,1099879.0,1.616,17.101764,1.725041,-107.711495,3.017091
2024-08-26,sh.603057,13.82612125,13.82612125,13.4912325,13.6825975,1175528.0,1.7271,16.924237,1.707134,-106.593382,2.985772
2024-08-27,sh.603057,13.59648325,14.4097845,13.586915,14.4097845,3202909.0,4.7059,17.823707,1.797862,-112.258485,3.144456
2024-08-28,sh.603057,14.26626075,14.66812725,14.084464,14.4480575,1983056.0,2.9136,17.871048,1.802638,-112.556648,3.152808
2024-08-29,sh.603057,14.47676225,14.54374,14.2949655,14.53417175,1409238.0,2.0705,17.977564,1.813382,-113.227516,3.1716
2024-08-30,sh.603057,14.37799719,14.89533178,14.30966998,14.69035015,2061199.0,3.0284,17.811872,1.796669,-112.183944,3.142368
2024-09-02,sh.603057,14.58297882,14.99294208,14.55369573,14.82700457,3032000.0,4.4548,17.977564,1.813382,-113.227516,3.1716
2024-09-03,sh.603057,14.82700457,14.96365899,14.641545,14.88557075,1836499.0,2.6983,18.048575,1.820545,-113.674761,3.184127
2024-09-04,sh.603057,14.88557075,15.17840165,14.75867736,15.07103032,1714300.0,2.5187,18.273442,1.843227,-115.091037,3.223799
2024-09-05,sh.603057,15.07103032,15.62740903,15.04174723,15.46147152,1907598.0,2.8027,18.746847,1.890979,-118.07267,3.307317
2024-09-06,sh.603057,15.38338328,15.46147152,14.86604869,14.90509281,1696800.0,2.493,18.072245,1.822932,-113.823842,3.188303
2024-09-09,sh.603057,14.8367656,15.26625092,14.78796045,14.82700457,1368831.0,2.0112,17.977564,1.813382,-113.227516,3.1716
2024-09-10,sh.603057,14.81724354,15.00270311,14.641545,14.91485384,1266600.0,1.861,18.08408,1.824126,-113.898383,3.190391
2024-09-11,sh.603057,14.89533178,15.17840165,14.80748251,15.0319862,868698.0,1.2763,18.226102,1.838452,-114.792873,3.215447
2024-09-12,sh.603057,15.10031341,15.21744577,14.75867736,14.75867736,883100.0,1.2975,17.894718,1.805025,-112.70573,3.156984
2024-09-13,sh.603057,14.74891633,14.97342002,14.57321779,14.61226191,906200.0,1.3314,17.717191,1.787118,-111.587618,3.125665
2024-09-18,sh.603057,14.50489058,14.641545,14.33895307,14.63178397,796800.0,1.1707,17.740861,1.789506,-111.736699,3.129841
2024-09-19,sh.603057,14.69035015,15.37362225,14.67082809,15.2272068,1688500.0,2.4808,18.462804,1.862328,-116.28369,3.257206
2024-09-20,sh.603057,15.2272068,15.34433916,14.89533178,15.31505607,1364400.0,2.0046,18.56932,1.873072,-116.954557,3.275997
2024-09-23,sh.603057,15.1295965,15.45171049,15.08079135,15.15887959,776162.0,1.1404,18.379958,1.853971,-115.761904,3.24259
2024-09-24,sh.603057,15.23696783,15.48099358,15.0319862,15.44194946,1341799.0,1.9714,18.723177,1.888591,-117.923588,3.303141
2024-09-25,sh.603057,15.56884285,15.75430242,15.23696783,15.24672886,1562700.0,2.296,18.486475,1.864715,-116.432771,3.261382
2024-09-26,sh.603057,15.37362225,16.44733555,15.24672886,16.3985304,2896199.0,4.2552,19.88302,2.005584,-125.228589,3.50776
2024-09-27,sh.603057,16.43757452,17.2770231,16.40829143,17.06228044,2470797.0,3.6302,20.687809,2.086762,-130.297365,3.649741
2024-09-30,sh.603057,17.38439443,18.63380627,17.11108559,18.49715185,4140061.0,6.0828,22.427573,2.262251,-141.254867,3.95667
2024-10-08,sh.603057,20.1077218,20.32246446,17.61865915,18.34097537,6899258.0,10.1367,22.238211,2.24315,-140.062213,3.923263
2024-10-09,sh.603057,18.04814447,18.04814447,16.50590173,16.57422894,4812500.0,7.0708,20.096052,2.027072,-126.570324,3.545343
2024-10-10,sh.603057,16.56446791,17.16965177,16.4961407,16.57422894,2994580.0,4.3998,20.096052,2.027072,-126.570324,3.545343
2024-10-11,sh.603057,16.7889716,16.84753778,15.92023993,16.12522156,2228862.0,3.2748,19.551636,1.972157,-123.141446,3.449297
2024-10-14,sh.603057,16.29115907,16.73040542,15.86167375,16.64255615,2413400.0,3.5459,20.178898,2.035429,-127.09211,3.559959
2024-10-15,sh.603057,16.6913613,16.71088336,16.2033098,16.2033098,1695720.0,2.4914,19.646317,1.981708,-123.737772,3.466001
2024-10-16,sh.603057,16.2033098,16.8865819,16.05689435,16.4961407,2301080.0,3.3809,20.001371,2.017522,-125.973997,3.52864
2024-10-17,sh.603057,16.75968851,16.75968851,16.21307083,16.24235392,1897100.0,2.7873,19.693658,1.986483,-124.035936,3.474353
2024-10-18,sh.603057,16.35948628,16.8865819,16.15450465,16.63279512,2223884.0,3.2674,20.167063,2.034235,-127.017569,3.557871
2024-10-21,sh.603057,16.74016645,16.75968851,16.15450465,16.44733555,2917193.0,4.2861,19.942196,2.011553,-125.601293,3.5182
2024-10-22,sh.603057,16.35948628,16.8865819,16.3009201,16.87682087,2245315.0,3.2989,20.462941,2.06408,-128.881089,3.61007
2024-10-23,sh.603057,16.83777675,16.99395323,16.66207821,16.74016645,1712943.0,2.5167,20.29725,2.047367,-127.837518,3.580838
2024-10-24,sh.603057,16.60351203,16.84753778,16.4961407,16.57422894,1149244.0,1.6885,20.096052,2.027072,-126.570324,3.545343
2024-10-25,sh.603057,16.36924731,16.57422894,15.84215169,16.33996422,2931090.0,4.3065,20.453302,2.027298,138.005881,3.470061
2024-10-28,sh.603057,16.41805246,16.68160027,16.18378774,16.55470688,3824499.0,5.6191,20.722103,2.053941,139.819578,3.515665
2024-10-29,sh.603057,16.593751,16.62303409,15.99832817,16.08617744,2456099.0,3.6086,20.135628,1.995811,135.86242,3.416165
2024-10-30,sh.603057,16.03737229,16.13498259,15.7152583,15.88119581,1625543.0,2.3883,19.879045,1.970379,134.131164,3.372634
2024-10-31,sh.603057,15.86167375,15.92023993,15.67621418,15.80310757,1343596.0,1.9741,19.7813,1.96069,133.471638,3.35605
2024-11-01,sh.603057,15.79334654,16.23259289,15.62740903,15.88119581,2763800.0,4.0607,19.879045,1.970379,134.131164,3.372634
2024-11-04,sh.603057,15.80310757,16.35948628,15.7152583,16.31068113,3210900.0,4.7176,20.416647,2.023665,137.758559,3.463842
2024-11-05,sh.603057,16.34972525,16.73040542,16.23259289,16.6913613,3937700.0,5.7855,20.893158,2.070896,140.973749,3.544686
2024-11-06,sh.603057,16.68160027,16.73040542,16.36924731,16.55470688,2934499.0,4.3115,20.722103,2.053941,139.819578,3.515665
2024-11-07,sh.603057,16.38876937,17.42343855,16.38876937,17.39415546,5210648.0,7.6557,21.77287,2.158091,146.909486,3.693935
2024-11-08,sh.603057,17.64794224,17.71626945,16.87682087,17.05251941,4038000.0,5.9328,21.345232,2.115705,144.024059,3.621383
2024-11-11,sh.603057,16.96467014,17.06228044,16.56446791,17.06228044,3019036.0,4.4357,21.35745,2.116916,144.106499,3.623456
2024-11-12,sh.603057,17.18917383,17.32582825,16.87682087,17.04275838,2685876.0,3.9462,21.333014,2.114493,143.941618,3.61931
2024-11-13,sh.603057,17.00371426,17.20869589,16.76944954,17.15989074,2015461.0,2.9612,21.479632,2.129026,144.930907,3.644185
2024-11-14,sh.603057,17.20869589,17.77483563,16.89634293,16.94514808,3346698.0,4.9171,21.210831,2.102383,143.11721,3.598581
2024-11-15,sh.603057,16.75968851,17.569854,16.75968851,17.18917383,3972605.0,5.8368,21.516287,2.132659,145.17823,3.650404
2024-11-18,sh.603057,17.1794128,17.3746334,16.44733555,16.57422894,2941191.0,4.3213,20.746539,2.056363,139.98446,3.519811
2024-11-19,sh.603057,16.56446791,17.32582825,16.55470688,17.18917383,2528857.0,3.7155,21.516287,2.132659,145.17823,3.650404
2024-11-20,sh.603057,17.23797898,17.569854,16.97443117,17.54057091,2700900.0,3.9683,21.956143,2.176257,148.146098,3.725029
2024-11-21,sh.603057,17.42343855,17.69674739,17.36487237,17.58937606,2320821.0,3.4099,22.017234,2.182312,148.558302,3.735394
2024-11-22,sh.603057,17.55033194,17.67722533,17.18917383,17.25750104,2403100.0,3.5308,21.601814,2.141137,145.755315,3.664915
2024-11-25,sh.603057,17.21845692,18.62404524,17.21845692,18.2531261,6880740.0,10.1095,22.848073,2.264664,154.164276,3.876352
2024-11-26,sh.603057,17.97981726,18.66308936,17.75531357,18.57524009,5342717.0,7.8498,23.251274,2.304628,156.884822,3.944758
2024-11-27,sh.603057,18.33121434,19.45373279,17.6674643,18.01886138,9481836.0,13.9312,22.554836,2.235599,152.185697,3.826602
2024-11-28,sh.603057,17.67722533,18.21408198,17.18917383,17.42343855,7237791.0,10.6341,21.809524,2.161724,147.156809,3.700154
2024-11-29,sh.603057,17.34535031,18.16527683,17.33558928,17.77483563,5964720.0,8.7637,22.24938,2.205322,150.124677,3.774779
2024-12-02,sh.603057,17.79435769,18.51667391,17.64794224,18.29217022,5497065.0,8.0766,22.896946,2.269508,154.494039,3.884644
2024-12-03,sh.603057,18.21408198,18.50691288,17.98957829,18.22384301,3512831.0,5.1612,22.811418,2.261031,153.916953,3.870133
2024-12-04,sh.603057,17.99933932,18.69237245,17.79435769,17.9602952,4207557.0,6.182,22.481526,2.228332,151.691052,3.814165
2024-12-05,sh.603057,18.78998275,18.78998275,17.569854,17.82364078,6161565.0,9.0529,22.310471,2.211378,150.536881,3.785144
2024-12-06,sh.603057,17.74555254,17.8626849,17.16965177,17.46248267,5142802.0,7.5561,21.858397,2.166569,147.486572,3.708446
2024-12-09,sh.603057,16.61327306,17.42343855,16.61327306,16.97443117,4419092.0,6.4928,21.247486,2.106016,143.364532,3.6048
2024-12-10,sh.603057,17.39415546,18.42882464,17.1794128,17.28678413,7288891.0,10.7092,21.638469,2.14477,146.002637,3.671133
2024-12-11,sh.603057,17.25750104,18.50691288,17.19893486,18.01886138,7595506.0,11.1597,22.554836,2.235599,152.185697,3.826602
2024-12-12,sh.603057,17.9602952,19.41468867,17.82364078,19.19018498,10800088.0,15.868,24.021022,2.380925,162.078591,4.075352
2024-12-13,sh.603057,19.0340085,19.1316188,18.6435673,18.68261142,6602222.0,9.7003,23.385675,2.31795,157.79167,3.96756
2024-12-16,sh.603057,18.59476215,19.28779528,18.07742756,18.47762979,5934063.0,8.7186,23.129092,2.292518,156.060414,3.924029
2024-12-17,sh.603057,18.45810773,18.52643494,17.35511134,17.44296061,5319800.0,7.8161,21.833961,2.164147,147.32169,3.7043
2024-12-18,sh.603057,17.4722437,17.55033194,17.05251941,17.14036868,2932439.0,4.3085,21.455196,2.126604,144.766026,3.64004
2024-12-19,sh.603057,17.05251941,17.12084662,16.40829143,16.84753778,3002028.0,4.4107,21.088649,2.090272,142.292802,3.577852
2024-12-20,sh.603057,17.09156353,18.53619597,16.99395323,18.53619597,4004799.0,5.8841,23.202401,2.299784,156.555058,3.936467
2024-12-23,sh.603057,18.53619597,18.8387879,17.569854,17.67722533,7038832.0,10.3418,22.127198,2.193212,149.300269,3.75405
2024-12-24,sh.603057,17.68698636,18.48739082,17.569854,18.24336507,6059465.0,8.9029,22.835855,2.263453,154.081835,3.874279
2024-12-25,sh.603057,18.08718859,18.50691288,17.79435769,18.3507364,5263534.0,7.7334,22.970255,2.276774,154.988683,3.897081
2024-12-26,sh.603057,18.22384301,19.35612249,18.07742756,19.10233571,7952234.0,11.6838,23.911058,2.370025,161.336624,4.056696
2024-12-27,sh.603057,18.91687614,18.97544232,18.58500112,18.73141657,6805334.0,9.9987,23.446766,2.324005,158.203874,3.977925
2024-12-30,sh.603057,18.78998275,20.60553433,18.65332833,20.60553433,18498613.0,27.1791,25.792664,2.556527,174.032506,4.375925
2024-12-31,sh.603057,21.20095716,22.04040574,19.36588352,19.60990927,16800662.0,24.6844,24.546406,2.433,165.623545,4.164487
2025-01-02,sh.603057,19.51229897,20.56649021,19.0340085,19.97106738,15745064.0,23.1334,24.99848,2.477809,168.673854,4.241185
2025-01-03,sh.603057,19.4244497,19.54158206,17.97005623,17.97005623,10888358.0,15.9977,22.493745,2.229543,151.773493,3.816237
2025-01-06,sh.603057,16.70112233,17.44296061,16.50590173,16.66207821,8458448.0,12.4276,20.856503,2.067263,140.726427,3.538467
2025-01-07,sh.603057,16.70112233,17.0818025,16.15450465,16.93538705,7302155.0,10.7287,21.198613,2.101172,143.034769,3.596508
2025-01-08,sh.603057,16.60351203,16.86705984,16.01785023,16.68160027,5492499.0,8.0699,20.880939,2.069685,140.891309,3.542613
2025-01-09,sh.603057,16.47661864,17.13060765,16.42781349,17.10132456,5542999.0,8.1441,21.406323,2.12176,144.436262,3.631748
2025-01-10,sh.603057,17.19893486,17.54057091,16.6913613,16.6913613,4830733.0,7.0976,20.893158,2.070896,140.973749,3.544686
2025-01-13,sh.603057,16.44733555,16.76944954,16.04713332,16.73040542,2875000.0,4.2241,20.942031,2.07574,141.303512,3.552977
2025-01-14,sh.603057,16.67183924,17.21845692,16.593751,17.20869589,4361600.0,6.4083,21.540723,2.135081,145.343111,3.65455
2025-01-15,sh.603057,17.21845692,17.3746334,16.90610396,17.07204147,3427900.0,5.0364,21.369668,2.118127,144.18894,3.625529
2025-01-16,sh.603057,17.0818025,17.42343855,16.85729881,17.0818025,2970700.0,4.3647,21.381886,2.119338,144.271381,3.627602
2025-01-17,sh.603057,16.93538705,17.14036868,16.74016645,16.96467014,1993999.0,2.9297,21.235268,2.104805,143.282091,3.602727
2025-01-20,sh.603057,16.9841922,17.23797898,16.87682087,16.92562602,2089000.0,3.0693,21.186395,2.099961,142.952328,3.594435
2025-01-21,sh.603057,17.00371426,17.07204147,16.57422894,16.73040542,2300999.0,3.3807,20.942031,2.07574,141.303512,3.552977
2025-01-22,sh.603057,16.62303409,16.63279512,16.25211495,16.32044216,2369800.0,3.4818,20.428865,2.024876,137.840999,3.465915
2025-01-23,sh.603057,16.41805246,16.64255615,16.3009201,16.31068113,2065100.0,3.0341,20.416647,2.023665,137.758559,3.463842
2025-01-24,sh.603057,16.24235392,16.38876937,16.12522156,16.3009201,2318599.0,3.4066,20.404429,2.022454,137.676118,3.461769
2025-01-27,sh.603057,16.38876937,16.593751,16.32044216,16.52542379,2451599.0,3.602,20.685448,2.050308,139.572256,3.509446
2025-02-05,sh.603057,16.58398997,16.593751,16.01785023,16.16426568,2323560.0,3.4139,20.233374,2.005499,136.521947,3.432748
2025-02-06,sh.603057,16.1056995,16.2033098,15.94952302,16.15450465,2037898.0,2.9942,20.221155,2.004288,136.439506,3.430675
2025-02-07,sh.603057,16.19354877,16.47661864,15.99832817,16.34972525,2611800.0,3.8374,20.46552,2.028509,138.088322,3.472133
2025-02-10,sh.603057,16.44733555,16.8865819,16.3985304,16.8865819,3361109.0,4.9383,21.137522,2.095117,142.622565,3.586144
2025-02-11,sh.603057,16.95490911,17.05251941,16.63279512,16.72064439,2183300.0,3.2078,20.929812,2.074529,141.221072,3.550904
2025-02-12,sh.603057,16.72064439,17.07204147,16.58398997,16.95490911,2742933.0,4.0301,21.22305,2.103594,143.199651,3.600654
2025-02-13,sh.603057,17.05251941,17.05251941,16.72064439,16.74992748,2357400.0,3.4636,20.966467,2.078162,141.468394,3.557123
2025-02-14,sh.603057,16.75968851,16.8865819,16.593751,16.67183924,1558760.0,2.2902,20.868721,2.068474,140.808868,3.54054
2025-02-17,sh.603057,16.74016645,16.74016645,16.45709658,16.54494585,2227500.0,3.2728,20.709884,2.05273,139.737137,3.513592
2025-02-18,sh.603057,16.54494585,16.99395323,16.29115907,16.4961407,3181249.0,4.6741,20.648793,2.046675,139.324934,3.503227
2025-02-19,sh.603057,16.44733555,16.51566276,16.26187598,16.47661864,1877800.0,2.759,20.624357,2.044253,139.160052,3.499081
2025-02-20,sh.603057,16.47661864,16.70112233,16.40829143,16.65231718,1837600.0,2.6999,20.844285,2.066051,140.643986,3.536394
2025-02-21,sh.603057,16.6913613,16.7889716,16.33020319,16.46685761,1895400.0,2.7848,20.612139,2.043042,139.077611,3.497008
2025-02-24,sh.603057,16.51566276,16.80849366,16.40829143,16.63279512,2213132.0,3.2516,20.819848,2.063629,140.479105,3.532248
2025-02-25,sh.603057,16.593751,16.593751,16.34972525,16.3985304,1517601.0,2.2297,20.526611,2.034564,138.500526,3.482498
2025-02-26,sh.603057,16.29115907,16.77921057,16.29115907,16.75968851,1974181.0,2.9006,20.978685,2.079373,141.550835,3.559196
2025-02-27,sh.603057,16.75968851,17.15989074,16.73040542,17.09156353,3238536.0,4.7582,21.394105,2.120549,144.353822,3.629675
2025-02-28,sh.603057,16.99395323,17.2770231,16.91586499,17.21845692,3392600.0,4.9846,21.552942,2.136292,145.425552,3.656623
2025-03-03,sh.603057,17.32582825,17.92125108,17.19893486,17.2770231,4123682.0,6.0587,21.626251,2.143559,145.920197,3.66906
2025-03-04,sh.603057,17.19893486,17.54057091,17.11108559,17.29654516,2234600.0,3.2832,21.650687,2.145981,146.085078,3.673206
2025-03-05,sh.603057,17.33558928,17.51128782,16.89634293,17.49176576,2080544.0,3.0568,21.895052,2.170202,147.733894,3.714665
2025-03-06,sh.603057,17.62842018,17.91149005,17.12084662,17.15989074,3435543.0,5.0477,21.479632,2.129026,144.930907,3.644185
2025-03-07,sh.603057,17.13060765,17.18917383,16.94514808,17.00371426,2024759.0,2.9749,21.284141,2.109649,143.611855,3.611019
2025-03-10,sh.603057,17.02323632,17.73579151,17.02323632,17.56009297,3752582.0,5.5135,21.980579,2.178679,148.31098,3.729175
2025-03-11,sh.603057,17.38439443,18.70213348,17.36487237,18.60452318,7821301.0,11.4914,23.287929,2.308262,157.132144,3.950977
2025-03-12,sh.603057,18.60452318,19.31707837,18.60452318,19.0340085,5147256.0,7.5626,23.825531,2.361548,160.759539,4.042185
2025-03-13,sh.603057,19.0340085,19.25851219,18.82902687,19.16090189,3293616.0,4.8391,23.984368,2.377291,161.831269,4.069133
2025-03-14,sh.603057,19.16090189,19.58062618,19.15114086,19.31707837,4896460.0,7.1941,24.179859,2.396668,163.150322,4.1023
2025-03-17,sh.603057,19.40492764,19.8148909,19.40492764,19.63919236,3564900.0,5.2377,24.58306,2.436633,165.870868,4.170706
2025-03-18,sh.603057,19.63919236,19.69775854,19.14137983,19.48301588,3387776.0,4.9775,24.387569,2.417256,164.551815,4.137539
2025-03-19,sh.603057,19.44397176,19.75632472,19.30731734,19.44397176,2053080.0,3.0165,24.338696,2.412412,164.222052,4.129248
2025-03-20,sh.603057,19.44397176,19.68799751,19.19018498,19.52206,3220900.0,4.7323,24.436442,2.4221,164.881578,4.145831
2025-03-21,sh.603057,19.84417399,20.18581004,19.4244497,19.46349382,2801200.0,4.1157,24.363132,2.414834,164.386933,4.133394
2025-03-24,sh.603057,19.43421073,19.87345708,19.43421073,19.66847545,2696899.0,3.9624,24.619715,2.440266,166.11819,4.176925
2025-03-25,sh.603057,19.67823648,19.90274017,19.2292291,19.47325485,2732000.0,4.014,24.375351,2.416045,164.469374,4.135466
2025-03-26,sh.603057,19.31707837,19.58062618,19.05353056,19.19018498,2544532.0,3.7386,24.021022,2.380925,162.078591,4.075352
2025-03-27,sh.603057,19.19018498,19.95154532,19.19018498,19.2292291,2450900.0,3.601,24.069895,2.385769,162.408355,4.083644
2025-03-28,sh.603057,19.50253794,19.50253794,19.0340085,19.04376953,1440500.0,2.1165,23.837749,2.362759,160.84198,4.044258
2025-03-31,sh.603057,19.14137983,19.20970704,18.86807099,19.00472541,1792200.0,2.6332,23.788876,2.357915,160.512216,4.035966
2025-04-01,sh.603057,19.00472541,19.66847545,18.9363982,19.58062618,2456300.0,3.6089,24.509751,2.429367,165.376223,4.158269
2025-04-02,sh.603057,19.58062618,19.80512987,19.38540558,19.44397176,1327299.0,1.9501,24.338696,2.412412,164.222052,4.129248
2025-04-03,sh.603057,19.51229897,19.58062618,19.21946807,19.53182103,1180100.0,1.7339,24.44866,2.423311,164.964019,4.147904
2025-04-07,sh.603057,19.33660043,19.52206,17.8626849,18.66308936,4304482.0,6.3244,23.361238,2.315528,157.626789,3.963414
2025-04-08,sh.603057,19.08281365,19.1316188,17.98957829,19.08281365,5049900.0,7.4196,23.886622,2.367603,161.171743,4.05255
2025-04-09,sh.603057,19.04376953,20.09796077,18.20432095,19.98082841,5817743.0,8.5477,25.010698,2.47902,168.756295,4.243258
2025-04-10,sh.603057,19.99058944,21.42546085,19.93202326,21.3766557,7349645.0,10.7985,26.757904,2.6522,180.545328,4.539685
2025-04-11,sh.603057,21.9623175,21.9623175,20.73242772,21.58163733,5254175.0,7.7197,27.014486,2.677632,182.276585,4.583216
2025-04-14,sh.603057,21.474266,22.46013003,21.35713364,22.41132488,6690128.0,9.8295,28.053035,2.780571,189.284052,4.759414
2025-04-15,sh.603057,22.34299767,22.79200505,22.03064471,22.58702342,3492556.0,5.1314,28.272963,2.80237,190.767986,4.796726
2025-04-16,sh.603057,22.450369,23.49479921,22.30395355,23.3288617,5165390.0,7.5893,29.201548,2.89441,197.033486,4.954268
2025-04-17,sh.603057,23.426472,24.28544264,23.30933964,23.37766685,5851389.0,8.5972,29.262639,2.900465,197.44569,4.964633
2025-04-18,sh.603057,23.5240823,23.5240823,21.474266,23.28981758,6625321.0,9.7343,32.119467,3.058397,83.347156,4.876135
2025-04-21,sh.603057,23.28981758,23.9145235,22.66511166,22.88961535,4069399.0,5.979,31.56754,3.005843,81.914955,4.792346
2025-04-22,sh.603057,22.87985432,24.18783234,22.46013003,23.57288745,5810269.0,8.5367,32.509854,3.095569,84.360177,4.935401
2025-04-23,sh.603057,23.65097569,23.65097569,21.64996454,22.13801604,6903432.0,10.1429,30.530994,2.907143,79.22521,4.634985
2025-04-24,sh.603057,22.13801604,23.0360308,21.85494617,22.17706016,2783549.0,4.0897,30.58484,2.91227,79.364937,4.64316
2025-04-25,sh.603057,22.62606754,22.62606754,21.91351235,22.27467046,2571354.0,3.778,30.719457,2.925089,79.714254,4.663596
2025-04-28,sh.603057,21.7670969,22.26490943,21.59139836,22.13801604,1841600.0,2.7058,30.530994,2.907143,79.22521,4.634985
2025-04-29,sh.603057,22.6455896,22.6455896,21.8647072,21.8647072,2143120.0,3.1488,30.154068,2.871253,78.247121,4.577763
2025-04-30,sh.603057,21.88422926,22.32347561,21.82566308,21.83542411,3132182.0,4.602,30.113683,2.867407,78.142325,4.571632
2025-05-06,sh.603057,22.0599278,22.34299767,21.23024025,21.54259321,5004059.0,7.3522,29.709834,2.828953,77.094373,4.510323
2025-05-07,sh.603057,21.54259321,22.03064471,21.54259321,21.62068145,1867295.0,2.7435,29.817527,2.839207,77.373827,4.526672
2025-05-08,sh.603057,21.6694866,21.80614102,21.3766557,21.6694866,1864900.0,2.74,29.884835,2.845616,77.548486,4.53689
2025-05-09,sh.603057,21.6694866,22.01112265,21.40593879,22.01112265,2501400.0,3.6752,30.355992,2.89048,78.771097,4.608418
2025-05-12,sh.603057,22.01112265,22.2551484,21.51331012,21.68900866,2469100.0,3.6277,29.911758,2.84818,77.618349,4.540978
2025-05-13,sh.603057,21.73781381,21.88422926,21.39617776,21.59139836,1734982.0,2.5491,29.777142,2.835362,77.269032,4.520541
2025-05-14,sh.603057,21.6694866,21.6694866,21.1814351,21.20095716,2235500.0,3.2845,29.238677,2.78409,75.871762,4.438795
2025-05-15,sh.603057,21.25952334,21.52307115,20.90812626,21.10334686,1711099.0,2.514,29.10406,2.771271,75.522444,4.418359
2025-05-16,sh.603057,21.15215201,21.46450497,20.8886042,21.39617776,1801500.0,2.6469,29.507909,2.809726,76.570397,4.479668
2025-05-19,sh.603057,21.474266,21.474266,21.00573656,21.2790454,1282800.0,1.8848,29.34637,2.794344,76.151216,4.455145
2025-05-20,sh.603057,21.28880643,21.74757484,21.23024025,21.35713364,1928300.0,2.8332,29.454063,2.804598,76.43067,4.471494
2025-05-21,sh.603057,21.36689467,21.74757484,21.06430274,21.24000128,1274600.0,1.8727,29.292523,2.789217,76.011489,4.44697
2025-05-22,sh.603057,21.31,21.43,20.95,21.04,1659700.0,2.4385,28.323285,2.696927,73.496403,4.299828
2025-05-23,sh.603057,21.3,21.3,20.65,20.75,1895600.0,2.7851,27.932898,2.659754,72.483382,4.240562
2025-05-26,sh.603057,20.66,21.03,20.39,20.87,1394200.0,2.0484,28.094437,2.675136,72.902563,4.265086
2025-05-27,sh.603057,20.87,21.2,20.77,21.07,1624710.0,2.3871,28.36367,2.700772,73.601198,4.305959
2025-05-28,sh.603057,21.2,21.3,20.7,21.25,1626000.0,2.389,28.60598,2.723845,74.229969,4.342744
2025-05-29,sh.603057,21.25,21.3,20.9,20.96,1739500.0,2.5558,28.215592,2.686672,73.216949,4.283478
2025-05-30,sh.603057,20.96,20.97,20.34,20.4,1468400.0,2.1574,27.46174,2.614891,71.260771,4.169034
2025-06-03,sh.603057,20.47,21.78,20.17,21.29,4607091.0,6.769,28.659826,2.728972,74.369696,4.350919
2025-06-04,sh.603057,21.27,21.78,21.16,21.69,2935100.0,4.3124,29.198292,2.780244,75.766966,4.432664
2025-06-05,sh.603057,22.0,22.0,21.11,21.14,2895200.0,4.2538,28.457902,2.709745,73.84572,4.320264
2025-06-06,sh.603057,21.28,21.68,20.85,21.38,2349000.0,3.4513,28.780981,2.740508,74.684082,4.369312
2025-06-09,sh.603057,21.47,21.47,21.04,21.26,1548000.0,2.2744,28.619441,2.725126,74.264901,4.344788
2025-06-10,sh.603057,21.26,21.43,20.5,20.88,2622340.0,3.8529,28.107899,2.676418,72.937495,4.267129
2025-06-11,sh.603057,20.61,21.21,20.61,20.92,1403640.0,2.0623,28.161746,2.681545,73.077222,4.275304
2025-06-12,sh.603057,20.97,20.97,20.65,20.88,1295400.0,1.9033,28.107899,2.676418,72.937495,4.267129
2025-06-13,sh.603057,20.7,20.91,20.52,20.77,2034300.0,2.9889,27.959821,2.662318,72.553245,4.244649
2025-06-16,sh.603057,20.73,20.9,20.5,20.9,1256200.0,1.8457,28.134822,2.678981,73.007358,4.271217
2025-06-17,sh.603057,20.8,21.9,20.8,21.57,3962519.0,5.8219,29.036752,2.764862,75.347785,4.408141
2025-06-18,sh.603057,21.77,22.65,21.44,22.27,5501400.0,8.0829,29.979067,2.854589,77.793008,4.551196
2025-06-19,sh.603057,22.35,22.5,21.3,21.53,3820700.0,5.6136,28.930661,2.75476,75.072488,4.392035
2025-06-20,sh.603057,21.1,21.51,20.93,21.08,1864300.0,2.7391,28.325979,2.697183,73.503393,4.300237
2025-06-23,sh.603057,21.2,21.3,20.36,21.3,1671100.0,2.4553,28.621601,2.725332,74.270506,4.345116
2025-06-24,sh.603057,21.3,22.39,21.2,22.29,3358157.0,4.934,29.951901,2.852002,77.722515,4.547072
2025-06-25,sh.603057,22.35,22.59,22.21,22.25,2860780.0,4.2032,29.898151,2.846884,77.58304,4.538912
2025-06-26,sh.603057,22.45,22.79,22.0,22.66,2520100.0,3.7027,30.449084,2.899344,79.01266,4.62255
2025-06-27,sh.603057,22.58,23.15,22.43,22.47,2154170.0,3.165,30.193773,2.875033,78.350153,4.583791
2025-06-30,sh.603057,22.48,22.48,21.82,21.86,4223913.0,6.206,29.374094,2.796984,76.223157,4.459353
2025-07-01,sh.603057,22.0,22.19,21.68,21.89,2466958.0,3.6246,29.414406,2.800822,76.327764,4.465473
2025-07-02,sh.603057,22.07,22.1,21.5,21.75,2856579.0,4.197,29.226283,2.782909,75.839601,4.436914
2025-07-03,sh.603057,21.75,21.8,21.38,21.44,1744000.0,2.5624,28.809724,2.743245,74.758669,4.373675
2025-07-04,sh.603057,21.58,21.58,21.06,21.06,1823579.0,2.6793,28.299104,2.694624,73.433655,4.296157
2025-07-07,sh.603057,21.06,21.21,20.88,21.12,1553805.0,2.2829,28.379728,2.702301,73.642868,4.308396
2025-07-08,sh.603057,21.15,21.48,21.13,21.19,1575000.0,2.3141,28.47379,2.711257,73.886949,4.322676
2025-07-09,sh.603057,21.19,21.28,20.78,20.87,1482500.0,2.1782,28.043794,2.670314,72.771148,4.257397
2025-07-10,sh.603057,20.88,21.1,20.76,21.0,1338359.0,1.9664,28.21848,2.686947,73.224442,4.283917
2025-07-11,sh.603057,20.99,21.09,20.87,21.05,1098700.0,1.6143,28.285667,2.693345,73.398786,4.294117
2025-07-14,sh.603057,21.19,21.19,20.8,20.8,1309900.0,1.9246,27.949732,2.661357,72.527067,4.243118
2025-07-15,sh.603057,20.79,20.79,20.38,20.68,1817799.0,2.6708,27.788484,2.646003,72.108641,4.218638
2025-07-16,sh.603057,20.68,21.0,20.68,20.87,1276905.0,1.8761,28.043794,2.670314,72.771148,4.257397
2025-07-17,sh.603057,20.86,21.07,20.8,20.9,1088500.0,1.5993,28.084106,2.674152,72.875754,4.263517
2025-07-18,sh.603057,20.91,20.99,20.6,20.72,1159281.0,1.7033,27.842233,2.651121,72.248116,4.226798
2025-07-21,sh.603057,20.9,20.9,20.6,20.72,815935.0,1.1988,27.842233,2.651121,72.248116,4.226798
2025-07-22,sh.603057,20.77,20.8,20.62,20.67,953700.0,1.4012,27.775047,2.644724,72.073772,4.216598
2025-07-23,sh.603057,20.95,22.4,20.95,22.13,6024713.0,8.8518,29.736903,2.83153,77.164615,4.514432
2025-07-24,sh.603057,22.15,22.31,21.5,21.69,3953700.0,5.809,29.145658,2.775232,75.630388,4.424674
2025-07-25,sh.603057,21.67,21.67,20.88,21.01,2857564.0,4.1985,28.231917,2.688227,73.259311,4.285957
2025-07-28,sh.603057,21.0,21.08,20.72,21.03,2130300.0,3.1299,28.258792,2.690786,73.329049,4.290037
2025-07-29,sh.603057,21.09,21.1,20.71,20.81,1567410.0,2.3029,27.96317,2.662637,72.561935,4.245158
2025-07-30,sh.603057,20.71,21.03,20.71,20.96,1817200.0,2.6699,28.16473,2.681829,73.084967,4.275757
2025-07-31,sh.603057,20.96,21.07,20.65,20.73,1610800.0,2.3667,27.855671,2.652401,72.282985,4.228838
2025-08-01,sh.603057,20.73,20.97,20.6,20.78,1301533.0,1.9123,27.922858,2.658798,72.457329,4.239038
2025-08-04,sh.603057,20.78,20.87,20.62,20.77,1095100.0,1.609,27.90942,2.657519,72.42246,4.236998
2025-08-05,sh.603057,20.7,20.98,20.69,20.76,962910.0,1.4148,27.895983,2.656239,72.387591,4.234958
2025-08-06,sh.603057,20.84,20.84,20.58,20.64,1512400.0,2.2221,27.734734,2.640885,71.969166,4.210478
2025-08-07,sh.603057,20.64,21.64,19.81,21.64,4496919.0,6.6071,29.078472,2.768835,75.456044,4.414474
2025-08-08,sh.603057,21.65,22.96,21.41,22.35,8631548.0,12.6819,30.032525,2.859679,77.931728,4.559312
2025-08-11,sh.603057,22.33,22.74,21.9,21.96,3382069.0,4.9691,29.508467,2.809779,76.571845,4.479753
2025-08-12,sh.603057,21.9,22.18,21.62,22.04,2309880.0,3.3938,29.615966,2.820015,76.850796,4.496073
2025-08-13,sh.603057,22.0,24.24,21.99,23.42,9647180.0,14.1741,31.470324,2.996586,81.662687,4.777587
2025-08-14,sh.603057,23.46,24.01,23.24,23.49,6407799.0,9.4147,31.564385,3.005542,81.906769,4.791867
2025-08-15,sh.603057,23.49,23.55,22.12,22.26,8869600.0,13.0317,29.911589,2.848164,77.617909,4.540952
2025-08-18,sh.603057,22.2,22.22,21.55,21.78,5505100.0,8.0884,29.266595,2.786748,75.944207,4.443034
2025-08-19,sh.603057,21.78,22.24,21.55,22.07,3644300.0,5.3544,29.656279,2.823853,76.955402,4.502193
2025-08-20,sh.603057,22.02,22.73,21.77,22.26,4158699.0,6.1102,29.911589,2.848164,77.617909,4.540952
2025-08-21,sh.603057,22.46,22.47,21.91,22.23,3194829.0,4.694,29.871277,2.844325,77.513302,4.534832
2025-08-22,sh.603057,22.04,22.2,21.66,21.93,3539300.0,5.2001,29.468155,2.80594,76.467239,4.473633
2025-08-25,sh.603057,21.73,24.12,21.59,24.12,9546826.0,14.0267,39.42613,3.144172,85.149665,5.227745
2025-08-26,sh.603057,24.78,25.94,24.26,25.5,13198994.0,19.3926,41.681854,3.324062,90.021412,5.526845
2025-08-27,sh.603057,25.49,26.68,24.91,25.38,14055400.0,20.6509,41.485704,3.308419,89.597782,5.500836
2025-08-28,sh.603057,25.1,26.0,24.5,24.9,6705000.0,9.8513,40.701104,3.245849,87.903261,5.396801
2025-08-29,sh.603057,25.05,26.32,24.9,26.05,11854300.0,17.4169,42.580874,3.395757,91.96305,5.646051
2025-09-01,sh.603057,25.9,25.96,25.05,25.46,5061500.0,7.4366,41.616471,3.318848,89.880202,5.518175
2025-09-02,sh.603057,25.46,25.65,23.49,23.75,6629600.0,9.7405,38.821334,3.09594,83.843472,5.147551
2025-09-03,sh.603057,23.79,24.39,22.99,23.18,5683980.0,8.3512,37.889622,3.021638,81.831228,5.02401
2025-09-04,sh.603057,23.23,23.82,23.12,23.71,5121335.0,7.5245,38.755951,3.090726,83.702262,5.138882
2025-09-05,sh.603057,23.71,23.81,23.17,23.49,3052300.0,4.4846,38.396343,3.062048,82.925606,5.091199
2025-09-08,sh.603057,23.48,23.69,23.06,23.42,3001259.0,4.4096,38.281922,3.052923,82.678489,5.076027
2025-09-09,sh.603057,23.22,23.56,23.15,23.32,2302900.0,3.3835,38.118464,3.039887,82.325464,5.054354
2025-09-10,sh.603057,23.33,23.33,21.59,22.22,8535285.0,12.5405,36.320423,2.896496,78.442187,4.815941
2025-09-11,sh.603057,22.32,22.5,21.71,22.21,4579852.0,6.7289,36.304077,2.895193,78.406885,4.813773
2025-09-12,sh.603057,22.22,22.38,21.89,21.98,2884243.0,4.2377,35.928123,2.865211,77.594927,4.763923
2025-09-15,sh.603057,22.08,22.12,21.61,21.64,2829900.0,4.1578,35.372365,2.82089,76.394641,4.690232
2025-09-16,sh.603057,21.73,22.91,21.51,22.08,3656600.0,5.3725,36.091582,2.878247,77.947952,4.785597
2025-09-17,sh.603057,22.14,22.38,21.57,21.66,3153180.0,4.6328,35.405057,2.823497,76.465246,4.694567
2025-09-18,sh.603057,21.7,21.9,20.83,21.07,3339900.0,4.9071,34.440653,2.746588,74.382398,4.566691
2025-09-19,sh.603057,21.07,21.19,20.64,20.72,2250150.0,3.306,33.868549,2.700963,73.14681,4.490832
2025-09-22,sh.603057,20.72,20.8,20.05,20.19,3090400.0,4.5406,33.002221,2.631875,71.275777,4.37596
2025-09-23,sh.603057,20.4,20.4,18.88,19.4,5054600.0,7.4265,31.710901,2.528894,68.486878,4.204737
2025-09-24,sh.603057,19.28,19.88,18.95,19.58,2960898.0,4.3503,32.005125,2.552358,69.122323,4.24375
2025-09-25,sh.603057,19.58,19.79,19.35,19.6,2524500.0,3.7091,32.037817,2.554965,69.192928,4.248084
2025-09-26,sh.603057,19.5,20.22,19.34,19.64,3264629.0,0.7924,32.1032,2.56018,69.334138,4.256754
2025-09-29,sh.603057,19.57,19.74,19.18,19.59,2141198.0,0.5197,32.021471,2.553662,69.157626,4.245917
2025-09-30,sh.603057,19.63,19.69,19.31,19.33,1652999.0,0.4012,31.59648,2.519769,68.23976,4.189565
2025-10-09,sh.603057,19.61,19.88,19.28,19.37,2832626.0,0.6875,31.661863,2.524984,68.38097,4.198234
2025-10-10,sh.603057,19.69,19.7,19.3,19.42,1812439.0,0.4399,31.743592,2.531501,68.557483,4.209071
2025-10-13,sh.603057,19.0,19.42,18.89,19.13,2485499.0,0.6033,31.269563,2.493698,67.53371,4.146217
2025-10-14,sh.603057,19.22,19.33,18.99,19.04,2764200.0,0.6709,31.122451,2.481966,67.215987,4.126711
2025-10-15,sh.603057,19.02,19.58,18.94,19.42,2705798.0,0.6567,31.743592,2.531501,68.557483,4.209071
2025-10-16,sh.603057,19.38,19.45,18.73,19.01,2846695.0,0.6909,31.073413,2.478056,67.11008,4.120208
2025-10-17,sh.603057,18.97,19.05,18.66,18.72,2568499.0,0.6234,30.599384,2.440253,66.086307,4.057354
2025-10-20,sh.603057,18.8,18.91,18.68,18.75,1542400.0,0.3744,30.648422,2.444163,66.192215,4.063856
2025-10-21,sh.603057,18.75,18.95,18.65,18.92,2046830.0,0.4968,30.926301,2.466324,66.792357,4.100702
2025-10-22,sh.603057,18.89,19.0,18.62,18.65,1862517.0,0.4521,30.484964,2.431128,65.839189,4.042182
2025-10-23,sh.603057,18.81,18.81,18.41,18.73,1760749.0,0.4274,30.61573,2.441556,66.12161,4.059522
2025-10-24,sh.603057,18.75,18.84,18.64,18.76,1134841.0,0.2754,30.664768,2.445467,66.227517,4.066024
2025-10-27,sh.603057,18.76,18.83,18.53,18.54,2439299.0,0.5921,40.00668,2.403224,53.202965,3.823915
2025-10-28,sh.603057,18.82,18.82,18.4,18.46,2934598.0,0.7123,39.834052,2.392854,52.973394,3.807414
2025-10-29,sh.603057,18.47,18.52,18.19,18.38,1913386.0,0.4644,39.661423,2.382484,52.743824,3.790914
2025-10-30,sh.603057,18.37,18.37,18.02,18.05,2284100.0,0.5544,38.94933,2.339709,51.796846,3.722851
2025-10-31,sh.603057,18.07,18.44,17.98,18.35,3048697.0,0.74,39.596687,2.378596,52.657735,3.784727
2025-11-03,sh.603057,18.35,18.99,18.1,18.81,4906978.0,1.191,40.589302,2.438223,53.977765,3.879603
2025-11-04,sh.603057,18.69,19.2,18.55,18.65,2553021.0,0.6197,40.244045,2.417483,53.518624,3.846602
2025-11-05,sh.603057,18.65,19.27,18.55,18.93,3255847.0,0.7903,40.848245,2.453777,54.322121,3.904353
2025-11-06,sh.603057,18.86,19.34,18.7,18.84,2706798.0,0.657,40.654038,2.442111,54.063854,3.88579
2025-11-07,sh.603057,18.82,19.04,18.76,18.92,2074625.0,0.5035,40.826666,2.452481,54.293425,3.90229
2025-11-10,sh.603057,18.92,19.68,18.8,19.5,4275841.0,1.0378,42.078224,2.527663,55.957811,4.021917
2025-11-11,sh.603057,19.53,19.75,19.39,19.7,3194596.0,0.7754,42.509795,2.553588,56.531737,4.063167
2025-11-12,sh.603057,19.71,19.87,19.27,19.27,2985899.0,0.7247,41.581916,2.49785,55.297796,3.974479
2025-11-13,sh.603057,19.28,19.56,19.05,19.47,2406115.0,0.584,42.013488,2.523774,55.871722,4.015729
2025-11-14,sh.603057,19.47,19.65,19.16,19.16,2127000.0,0.5163,41.344552,2.483591,54.982136,3.951791
2025-11-17,sh.603057,19.19,19.34,19.01,19.23,1844649.0,0.4477,41.495602,2.492665,55.183011,3.966229
2025-11-18,sh.603057,19.29,19.45,18.83,19.0,2196599.0,0.5332,40.999295,2.462851,54.522995,3.918791
2025-11-19,sh.603057,18.99,19.16,18.81,18.95,2096099.0,0.5088,40.891402,2.45637,54.379514,3.908478
2025-11-20,sh.603057,18.95,19.1,18.25,18.52,3065000.0,0.7439,39.963523,2.400632,53.145572,3.81979
2025-11-21,sh.603057,18.32,18.87,18.15,18.16,2555248.0,0.6202,39.186695,2.353967,52.112505,3.745539
2025-11-24,sh.603057,18.17,18.5,18.17,18.4,1566900.0,0.3803,39.70458,2.385077,52.801217,3.795039
2025-11-25,sh.603057,18.87,18.87,18.35,18.46,2232794.0,0.5419,39.834052,2.392854,52.973394,3.807414
2025-11-26,sh.603057,18.48,18.66,18.42,18.54,1709044.0,0.4148,40.00668,2.403224,53.202965,3.823915
2025-11-27,sh.603057,18.92,18.92,18.38,18.49,1614805.0,0.3919,39.898788,2.396743,53.059483,3.813602
2025-11-28,sh.603057,18.49,18.62,18.26,18.62,1203300.0,0.2921,40.179309,2.413594,53.432535,3.840415
2025-12-01,sh.603057,18.51,18.8,18.51,18.66,1505900.0,0.3655,40.265623,2.418779,53.547321,3.848665
2025-12-02,sh.603057,18.7,18.7,18.27,18.62,1814522.0,0.4404,40.179309,2.413594,53.432535,3.840415
2025-12-03,sh.603057,18.89,19.17,18.28,18.39,1731579.0,0.4203,39.683002,2.383781,52.77252,3.792977
2025-12-04,sh.603057,18.3,18.41,17.85,17.85,2594138.0,0.6296,38.517759,2.313784,51.222919,3.681601
2025-12-05,sh.603057,17.99,18.17,17.54,17.74,1750200.0,0.4248,38.280394,2.299525,50.90726,3.658913
2025-12-08,sh.603057,17.66,17.78,17.42,17.59,2725300.0,0.6615,37.956716,2.280082,50.476815,3.627975
2025-12-09,sh.603057,17.78,17.79,17.36,17.55,1685000.0,0.409,37.870401,2.274897,50.36203,3.619725
2025-12-10,sh.603057,17.42,17.72,17.4,17.44,1722600.0,0.4181,37.633037,2.260638,50.04637,3.597037
2025-12-11,sh.603057,17.44,17.45,17.12,17.13,1392779.0,0.3381,36.964101,2.220455,49.156785,3.533099
2025-12-12,sh.603057,17.19,17.49,17.01,17.35,1505099.0,0.3653,37.43883,2.248972,49.788104,3.578475
2025-12-15,sh.603057,17.35,17.57,17.26,17.41,1512999.0,0.3672,37.568301,2.256749,49.960282,3.59085
2025-12-16,sh.603057,17.49,17.98,17.32,17.84,2755599.0,0.6688,38.49618,2.312488,51.194223,3.679538
2025-12-17,sh.603057,18.19,19.38,17.68,18.97,8181464.0,1.9858,40.934559,2.458962,54.436906,3.912603
2025-12-18,sh.603057,19.0,19.2,18.64,18.85,5044500.0,1.2244,40.675616,2.443408,54.092551,3.887853
2025-12-19,sh.603057,18.84,19.25,18.81,19.14,4684665.0,1.1371,41.301395,2.480998,54.924744,3.947666
2025-12-22,sh.603057,19.14,19.69,18.81,19.68,5789828.0,1.4053,42.466638,2.550995,56.474345,4.059042
2025-12-23,sh.603057,19.98,19.98,19.32,19.48,3982615.0,0.9667,42.035067,2.52507,55.900418,4.017792
2025-12-24,sh.603057,19.4,20.1,19.36,19.81,3825010.0,0.9284,42.74716,2.567846,56.847397,4.085855
2025-12-25,sh.603057,19.99,20.18,19.67,19.81,2202605.0,0.5346,42.74716,2.567846,56.847397,4.085855
2025-12-26,sh.603057,19.73,19.9,19.48,19.53,3352117.0,0.8136,42.142959,2.531552,56.0439,4.028104
2025-12-29,sh.603057,19.72,20.23,19.5,19.88,3684499.0,0.8943,42.89821,2.57692,57.048271,4.100292
2025-12-30,sh.603057,19.76,20.26,19.76,19.9,2462100.0,0.5976,42.941367,2.579512,57.105664,4.104417
2025-12-31,sh.603057,20.0,20.52,19.69,20.34,4579310.0,1.1115,43.890824,2.636547,58.368301,4.195168
2026-01-05,sh.603057,20.24,20.4,19.58,19.8,3692199.0,0.8962,42.725581,2.56655,56.8187,4.083792
2026-01-06,sh.603057,20.01,21.17,19.82,20.87,5858282.0,1.4219,45.034489,2.705247,59.889206,4.304482
2026-01-07,sh.603057,20.77,22.96,20.64,22.96,7369277.0,1.7887,49.544411,2.976161,65.886735,4.735549
2026-01-08,sh.603057,23.21,25.26,23.01,24.77,14402757.0,3.4958,53.450133,3.21078,71.080768,5.108865
2026-01-09,sh.603057,24.96,27.25,24.52,27.25,16308602.0,3.9584,58.80162,3.532247,78.197454,5.620371
2026-01-12,sh.603057,28.42,29.98,25.8,27.43,25286172.0,6.1374,59.190035,3.555579,78.713988,5.657496
2026-01-13,sh.603057,26.3,29.09,25.94,28.0,17420269.0,4.2282,60.420014,3.629465,80.349677,5.77506
2026-01-14,sh.603057,27.39,30.08,27.39,29.6,12487980.0,3.0311,63.872586,3.836863,84.941088,6.105063
2026-01-15,sh.603057,29.36,30.45,27.01,27.2,9497400.0,2.3052,58.693727,3.525766,78.053972,5.610058
2026-01-16,sh.603057,27.19,28.22,26.51,27.67,9193095.0,2.2313,59.707921,3.586689,79.402699,5.706997
2026-01-19,sh.603057,27.56,29.1,27.41,28.2,8959100.0,2.1745,60.851585,3.65539,80.923604,5.81631
2026-01-20,sh.603057,28.0,29.27,27.9,29.11,8030556.0,1.9492,62.815236,3.773347,83.534968,6.004
2026-01-21,sh.603057,29.08,31.82,28.7,29.2,12211299.0,2.9639,63.009443,3.785013,83.793235,6.022562
2026-01-22,sh.603057,29.01,30.19,28.13,29.34,8864392.0,2.1516,63.311543,3.803161,84.194983,6.051438
2026-01-23,sh.603057,29.6,30.47,28.58,29.69,7552599.0,1.8332,64.066793,3.848529,85.199354,6.123626
2026-01-26,sh.603057,29.58,29.85,27.61,27.85,7020263.0,1.7039,60.096335,3.610021,79.919233,5.744122
2026-01-27,sh.603057,28.05,29.36,28.05,28.98,7465353.0,1.812,62.534714,3.756496,83.161916,5.977187
2026-01-28,sh.603057,28.98,29.6,28.3,29.1,6118438.0,1.4851,62.793657,3.772051,83.506272,6.001937
2026-01-29,sh.603057,29.57,29.8,27.6,28.05,6464186.0,1.569,60.527906,3.635946,80.493159,5.785372
2026-01-30,sh.603057,27.87,28.8,27.58,28.2,5473500.0,1.3285,60.851585,3.65539,80.923604,5.81631
2026-02-02,sh.603057,27.9,28.39,27.53,27.6,4912238.0,1.1923,59.556871,3.577615,79.201825,5.692559
2026-02-03,sh.603057,28.11,28.11,27.12,27.3,3944879.0,0.9575,58.909513,3.538728,78.340935,5.630683
2026-02-04,sh.603057,27.07,27.78,26.58,27.48,3789100.0,0.9197,59.297928,3.56206,78.857469,5.667809
2026-02-05,sh.603057,27.02,27.72,27.02,27.45,2289599.0,0.5557,59.233192,3.558172,78.77138,5.661621
2026-02-06,sh.603057,27.38,28.0,27.06,27.46,3342079.0,0.8112,59.25477,3.559468,78.800076,5.663684
2026-02-09,sh.603057,27.56,28.91,27.03,28.76,3802483.0,0.9229,62.059985,3.727979,82.530597,5.931811
2026-02-10,sh.603057,29.0,29.0,27.55,27.9,3830796.0,0.9298,60.204228,3.616502,80.062714,5.754435
2026-02-11,sh.603057,27.89,28.32,27.55,28.22,1858100.0,0.451,60.894742,3.657982,80.980996,5.820435
2026-02-12,sh.603057,27.72,29.66,27.72,29.35,4417701.0,1.0723,63.333121,3.804457,84.22368,6.0535
2026-02-13,sh.603057,29.38,30.06,28.23,28.37,3745561.0,0.9091,61.218421,3.677426,81.411441,5.851373
2026-02-24,sh.603057,28.68,29.6,27.63,29.26,5165821.0,1.2538,63.138914,3.792791,83.965413,6.034937
2026-02-25,sh.603057,29.98,32.19,29.3,32.19,8925621.0,2.1664,69.461437,4.172588,92.373433,6.639256
2026-02-26,sh.603057,32.83,34.43,31.92,33.22,11974236.0,2.9064,71.68403,4.306101,95.329153,6.851696
2026-02-27,sh.603057,33.06,33.8,31.97,33.55,5201568.0,1.2625,72.396123,4.348877,96.276131,6.919759
2026-03-02,sh.603057,33.03,33.39,32.25,32.6,5966879.0,1.4483,70.346159,4.225734,93.549982,6.72382
2026-03-03,sh.603057,33.07,34.81,32.37,33.5,7944050.0,1.9282,72.28823,4.342395,96.13265,6.909446
2026-03-04,sh.603057,32.52,34.09,32.52,33.17,4076749.0,0.9895,71.576137,4.29962,95.185671,6.841383
2026-03-05,sh.603057,33.83,35.3,32.91,34.47,7323879.0,1.7776,74.381352,4.46813,98.916192,7.109511
2026-03-06,sh.603057,34.03,35.99,34.01,34.13,5771300.0,1.4008,73.647681,4.424058,97.940517,7.039385
2026-03-09,sh.603057,33.76,34.27,31.95,32.39,7097575.0,1.7227,69.893009,4.198513,92.947359,6.680507
2026-03-10,sh.603057,32.24,32.5,31.33,31.9,4861387.0,1.1799,68.835658,4.134997,91.54124,6.579443
2026-03-11,sh.603057,31.9,31.95,31.38,31.5,2547984.0,0.6184,67.723688,4.068201,90.062484,6.473159
2026-03-12,sh.603057,31.38,32.61,31.0,31.69,3698100.0,0.8976,68.13218,4.092739,90.605718,6.512203
2026-03-13,sh.603057,31.54,31.61,30.27,30.37,4393113.0,1.0663,65.294235,3.922262,86.831671,6.240947
2026-03-16,sh.603057,30.07,30.3,29.4,29.65,3224400.0,0.7826,63.746265,3.829275,84.7731,6.092989
2026-03-17,sh.603057,29.89,29.89,27.89,28.42,5381400.0,1.3062,61.101816,3.670421,81.256374,5.840228
